1206568, 963189, 379345, 726525, 27954, 46941, 57756, 27048
1027248, 1110919, 429347, 712596, 28137, 47111, 56673, 32142
1204507, 961493, 421593, 717608, 32691, 49809, 54038, 28065
1028512, 1112901, 380741, 728174, 27752, 50839, 52567, 27217
1206550, 962442, 406281, 726579, 27348, 42756, 62693, 31299
1033272, 1112314, 423951, 714266, 23517, 39146, 64005, 36188
1207197, 963977, 418917, 717358, 36006, 55548, 47960, 24771
1032090, 1112542, 409744, 726226, 32802, 56162, 47467, 25917
1208236, 962963, 398124, 720460, 32451, 52516, 51477, 24877
1032255, 1113579, 422396, 722536, 31028, 52304, 51459, 29586
1204027, 961517, 422282, 719249, 31240, 47457, 56546, 29834
1031447, 1111559, 400009, 718129, 28022, 48863, 54156, 29257
1205713, 959800, 406419, 707098, 39318, 62266, 39523, 19510
1032972, 1116775, 416133, 734433, 35594, 60292, 44292, 24849
1206492, 966025, 407153, 743289, 24841, 39226, 67893, 34368
1030081, 1115131, 407240, 699793, 18794, 34248, 70072, 37856
1205610, 965346, 397283, 706665, 40746, 66115, 35059, 16792
1032019, 1118447, 401729, 729444, 36264, 62713, 40508, 22637
1205299, 965214, 404863, 721777, 21464, 34247, 71039, 36135
1032238, 1117633, 394680, 707019, 20690, 38107, 65660, 34683
1208229, 963102, 406297, 727711, 33334, 52703, 51660, 25792
1030656, 1108751, 415338, 722351, 31345, 53711, 50605, 27967
1208652, 963890, 427844, 710733, 33490, 51705, 53125, 27159
1027715, 1112590, 410586, 723040, 27220, 47211, 57136, 31360
1204458, 960183, 402082, 726063, 35705, 57822, 46139, 22651
1028248, 1110555, 430989, 718778, 30512, 50837, 53140, 30572
1203512, 958697, 428341, 724350, 29139, 44488, 61159, 31907
1029530, 1109641, 403323, 729509, 25722, 45538, 59226, 31637
1205147, 964991, 401435, 732432, 25454, 42089, 64895, 31687
1030696, 1114552, 414166, 705316, 22326, 39163, 64675, 35588
1202818, 962033, 420537, 700667, 41403, 64792, 36645, 18795
1027320, 1111249, 404438, 727754, 38481, 65045, 37015, 20417
1205567, 960092, 389513, 728151, 25162, 41265, 63739, 31078
1028296, 1112991, 423741, 707283, 25676, 43395, 59852, 33860
1205681, 959166, 433967, 695866, 43062, 64897, 36669, 19026
1027078, 1112871, 389324, 729560, 34515, 61745, 41481, 22464
1204849, 960529, 418200, 730435, 29932, 46203, 59495, 30495
1029572, 1111220, 425920, 703654, 26574, 44455, 58217, 33297
1203647, 962045, 420792, 706185, 35536, 55214, 47794, 24541
1026289, 1112706, 407382, 737180, 35724, 61502, 42137, 23941
1205046, 958876, 409031, 720845, 25549, 39608, 64799, 32873
1026945, 1113118, 401891, 703389, 19003, 34132, 68856, 37400
1205233, 960495, 397069, 704668, 38706, 61967, 38674, 18833
1029131, 1116573, 402533, 725500, 34257, 59981, 43345, 24026
1206610, 963439, 406996, 743034, 21836, 33975, 73621, 36905
1032029, 1116307, 406470, 709331, 20275, 36749, 68324, 36314
1209297, 963592, 412946, 703986, 40433, 63873, 38643, 19029
1031988, 1116311, 414123, 739933, 37180, 62768, 41540, 23316
1207613, 965132, 426396, 722270, 29255, 44309, 61865, 32326
1031316, 1116878, 401335, 731979, 23885, 43295, 62384, 33448
1207412, 963653, 401268, 732334, 35129, 56911, 47951, 23439
1032063, 1113213, 428364, 715979, 29800, 49690, 54577, 30303
1205244, 964571, 429040, 699980, 39556, 61045, 41980, 21867
1031568, 1113364, 407287, 741488, 35462, 61196, 43532, 23894
1204541, 963478, 412093, 731110, 30174, 47197, 58349, 29668
1032577, 1112617, 428962, 698539, 22803, 38160, 65696, 36778
1203899, 965978, 418377, 718793, 30411, 47858, 57794, 29613
1032439, 1117160, 407345, 727825, 27550, 48251, 57326, 31055
1203155, 964772, 406007, 733320, 32086, 50446, 54168, 27519
1029012, 1113067, 425246, 709639, 30359, 51152, 52958, 29590
1203929, 962053, 415873, 715586, 34602, 52824, 49462, 25723
1031327, 1115095, 410002, 722889, 31729, 54167, 49751, 27133
1208647, 968297, 410112, 726650, 26696, 41687, 63819, 32662
1032473, 1115508, 414361, 719645, 26975, 45475, 57809, 32535
1206924, 965288, 419452, 724987, 29246, 45361, 60478, 31012
1032507, 1118885, 393975, 722055, 31084, 55319, 47971, 25686
1208015, 964922, 398085, 722462, 31737, 51469, 53400, 25641
1030687, 1117982, 413644, 726642, 32480, 56142, 48348, 27212
1205672, 967481, 412225, 706405, 41124, 65743, 36541, 18679
1032482, 1116244, 395425, 736747, 36269, 64903, 39932, 21341
1208613, 965485, 394470, 738463, 20527, 33851, 73584, 36039
1032334, 1117550, 412658, 708306, 18581, 33310, 71731, 38749
1205557, 967144, 421789, 720330, 30751, 47500, 58299, 30296
1031038, 1114540, 378894, 727629, 29029, 54223, 49348, 25842
1204608, 966913, 376170, 728153, 26586, 44729, 60121, 27984
1035270, 1116528, 425432, 712819, 29861, 49820, 53771, 30769
1208867, 965751, 415391, 715600, 34490, 54529, 49765, 25595
1034140, 1114255, 385549, 738266, 35344, 63819, 40153, 21410
1209562, 964324, 380337, 737230, 22496, 37025, 68719, 32573
1034854, 1117718, 420678, 710651, 24252, 41650, 62568, 34910
1029538, 1146148, 377518, 733258, 37152, 67355, 37273, 19281
1218632, 963159, 425189, 720211, 37674, 58334, 45862, 24391
1033170, 1147986, 433186, 708354, 21287, 35975, 70857, 40055
1220361, 965933, 376789, 730848, 21460, 36643, 70189, 32998
1030209, 1146139, 405479, 728695, 31063, 53966, 51950, 28067
1217540, 963950, 417697, 718602, 31713, 49620, 54939, 29275
1036360, 1149288, 420204, 718776, 31228, 52131, 53003, 30055
1224612, 965220, 413088, 728574, 31345, 50378, 55589, 28276
1036816, 1150023, 400699, 726141, 32163, 57195, 49477, 26183
1220294, 962480, 426413, 720786, 34418, 52909, 52029, 27604
1034478, 1146821, 420876, 720688, 28649, 48778, 57116, 32137
1219374, 965102, 400702, 721476, 27915, 46029, 59376, 29672
1033823, 1145860, 401431, 713277, 29523, 52155, 53020, 28687
1218862, 966272, 411707, 739587, 27152, 43099, 64318, 32935
1037057, 1146469, 408142, 740988, 35935, 61817, 45325, 24787
1218358, 967204, 404081, 707060, 32171, 52726, 51645, 25723
1034135, 1142907, 396424, 708900, 26485, 47814, 57555, 30433
1221115, 963270, 407831, 724725, 31508, 50526, 54355, 27834
1031319, 1143935, 402651, 727359, 29899, 52747, 52913, 28302
1218349, 960906, 399796, 703363, 30463, 48931, 53808, 27177
1034622, 1143372, 409913, 723173, 34422, 58368, 46446, 25831
1220786, 965650, 420576, 717821, 36612, 59163, 46383, 23755
1037137, 1146739, 417185, 721162, 28087, 48496, 58186, 32183
1218887, 966512, 403537, 733830, 25260, 40361, 66429, 33475
1038000, 1146416, 400363, 729719, 31439, 56212, 50361, 26945
1221048, 968712, 419000, 729762, 34799, 55617, 50811, 26017
1039673, 1151261, 426442, 724379, 27579, 47089, 59773, 33866
1217648, 968803, 403689, 727413, 25128, 40701, 66295, 32989
1037369, 1147915, 408184, 729870, 33674, 57947, 48096, 26162
1221069, 966455, 415304, 707524, 35564, 55456, 47879, 24634
1039344, 1147227, 413913, 709418, 30180, 51219, 53323, 29929
1225419, 966203, 393242, 748275, 25104, 42589, 65618, 32179
1039855, 1150637, 389482, 735688, 34507, 61569, 44623, 23128
1222199, 965483, 424029, 710822, 38421, 59517, 44541, 23142
1040182, 1153545, 429821, 705296, 22028, 37704, 68959, 39012
1220550, 967865, 378576, 740821, 20155, 34971, 72677, 34761
1039714, 1150292, 405778, 741026, 38063, 65537, 40619, 22447
1221385, 966342, 432480, 694698, 45135, 70918, 32136, 16710
1038340, 1150066, 420691, 706327, 22906, 40056, 66447, 36433
1220399, 969212, 401559, 745069, 23745, 38247, 69916, 35555
1039134, 1148857, 400872, 730132, 31239, 55273, 51239, 27372
1221099, 968139, 397615, 708312, 30408, 49398, 54097, 26869
1038589, 1146907, 396742, 706564, 30397, 52849, 50998, 27027
1218322, 966528, 404410, 724017, 30411, 48981, 56113, 28513
1035060, 1148185, 409711, 740733, 34798, 59013, 47384, 26268
1221647, 969441, 405892, 703076, 36215, 57965, 45089, 22991
1037284, 1147734, 397524, 712501, 27433, 48971, 56218, 30036
1221261, 966976, 412161, 737473, 29362, 46689, 60312, 30907
1036625, 1148337, 425487, 722313, 24296, 41831, 65567, 36582
1220711, 967511, 407519, 723986, 27731, 44382, 61458, 31120
1041303, 1148682, 407180, 727079, 37824, 64886, 39862, 22440
1221540, 970573, 431966, 717328, 38797, 59866, 45000, 24080
1038619, 1148072, 420110, 707669, 24503, 42015, 63630, 35141
1221894, 969017, 403937, 743635, 22889, 36807, 71150, 36376
1038043, 1148207, 399190, 744004, 37423, 65811, 41254, 22316
1220483, 969618, 406717, 722305, 31044, 50304, 56057, 28093
1035480, 1144543, 420737, 715120, 25980, 44242, 62183, 34182
1218920, 967197, 407762, 724830, 29952, 47828, 58053, 29789
1041075, 1148476, 407068, 725990, 34046, 58723, 47250, 26520
1218553, 971104, 417659, 714842, 39672, 63745, 41125, 20894
1039298, 1149936, 414576, 714695, 29722, 51002, 54365, 30517
1220438, 970050, 402752, 726864, 29732, 48633, 57940, 29025
1039310, 1147884, 404149, 726288, 29975, 53021, 53726, 28912
1220816, 967868, 411071, 720775, 32900, 52149, 53336, 27045
1041320, 1149839, 417450, 722961, 29355, 49133, 56255, 32091
1223271, 967890, 397407, 722963, 28370, 46988, 59327, 28968
1042313, 1150052, 396950, 725454, 31401, 56413, 50077, 26582
1218217, 969739, 413273, 727366, 34200, 54115, 50932, 26374
1040221, 1150004, 415395, 705235, 29670, 50485, 53854, 30555
1222253, 965517, 394678, 735466, 24790, 40746, 65992, 33094
1039507, 1151715, 401563, 732145, 33187, 58007, 48255, 26129
1222799, 971433, 415326, 714032, 31505, 49496, 54876, 28864
1039932, 1149031, 422969, 717212, 28125, 47436, 58396, 33393
1223396, 968686, 380751, 718324, 26774, 45304, 59427, 28595
1042728, 1147220, 380563, 724265, 32588, 59650, 45694, 23627
1217034, 967225, 426484, 711029, 41401, 64331, 38967, 20449
1037560, 1147826, 428570, 697248, 19682, 33755, 72512, 40271
1219282, 964559, 389291, 724823, 24132, 40326, 65419, 31898
1034237, 1145659, 390361, 722760, 33569, 60104, 43870, 23249
1219048, 965896, 429700, 699575, 39474, 61353, 41219, 22052
1220885, 967109, 378638, 725744, 22125, 37958, 67987, 32560
1035910, 1149903, 426515, 712275, 22797, 39584, 67315, 37918
1221919, 969241, 430478, 707528, 41367, 64396, 39438, 20712
1037059, 1148261, 380711, 721711, 34587, 62244, 41687, 21802
1219619, 969404, 405055, 726900, 30552, 50431, 55845, 27809
1038932, 1149612, 410340, 719271, 31498, 53826, 51356, 29145
1216126, 970336, 419048, 712982, 33705, 52646, 51506, 27064
1038817, 1145354, 406076, 724108, 30239, 53001, 52666, 28805
1216540, 967567, 393479, 720926, 27768, 45472, 59614, 29306
1039296, 1144332, 419372, 720091, 28568, 48175, 57184, 32441
1221087, 964681, 422206, 720606, 33874, 52445, 52527, 27563
1038887, 1148814, 398097, 722385, 31673, 56422, 49653, 26840
1221953, 968189, 404808, 706385, 30240, 48245, 56168, 28233
1041795, 1150152, 407530, 742152, 33863, 58281, 49247, 27011
1223234, 969962, 408345, 739720, 29756, 48337, 60057, 30285
1040963, 1147872, 398898, 710230, 28422, 49991, 54686, 29105
1220982, 969856, 394976, 706757, 32795, 54633, 49381, 24145
1044954, 1152242, 401694, 736359, 29277, 51101, 55989, 29884
1225651, 970008, 400095, 734096, 28553, 46469, 60315, 30127
1039671, 1151156, 395267, 709140, 30905, 55537, 48628, 26525
1222165, 966793, 414614, 725531, 28119, 43849, 61965, 32375
1039297, 1147235, 423811, 717393, 26823, 45292, 61233, 34097
1223297, 965507, 428640, 709507, 41011, 63711, 40461, 21126
1040142, 1150661, 409744, 728117, 35252, 61243, 44411, 24801
1224541, 968770, 405897, 725179, 26813, 42534, 63476, 32124
1039943, 1147828, 432948, 718597, 24674, 41383, 65751, 37325
1224362, 966515, 426941, 722372, 32935, 50453, 54538, 28971
1037552, 1151031, 406518, 721084, 26526, 47385, 59721, 31993
1219797, 966405, 400001, 732161, 24669, 39216, 67056, 33904
1038255, 1151873, 422090, 702125, 27650, 46710, 57926, 32833
1221132, 965523, 422845, 703088, 36483, 55896, 47168, 24393
1035499, 1149959, 398791, 734967, 33420, 58935, 46741, 25397
1220136, 967869, 377881, 737359, 18883, 32598, 74212, 36355
1039624, 1149654, 428672, 699933, 21589, 36452, 69364, 39088
1221014, 969985, 420991, 706915, 38244, 59656, 43754, 22489
1038432, 1148569, 384607, 733446, 36547, 65553, 39609, 20805
1222732, 966040, 406256, 742450, 22985, 36919, 71476, 36235
1036860, 1147930, 419200, 710788, 26096, 44772, 61122, 34063
1220849, 965921, 418741, 712040, 34802, 55082, 49330, 25402
1034986, 1148643, 401936, 745252, 39010, 67765, 38414, 21009
1220373, 963142, 401677, 725094, 30996, 50191, 55422, 27400
1036811, 1147851, 401097, 705220, 27162, 47703, 56855, 30403
1222157, 962866, 405793, 706671, 31298, 49850, 53855, 27062
1036918, 1147183, 404791, 727412, 30094, 52396, 52822, 29096
1222972, 966300, 404864, 750986, 24134, 38690, 69088, 35281
1038619, 1146757, 408872, 706574, 28703, 49661, 54712, 30172
1219624, 964991, 407406, 706137, 35151, 56565, 46220, 23339
1036466, 1149359, 409372, 740363, 32900, 56284, 50357, 28183
1222016, 965915, 424239, 724628, 34609, 54309, 51266, 26717
1036966, 1151202, 399643, 734545, 32354, 58345, 49148, 25961
1222648, 966027, 399025, 731950, 27829, 46322, 60812, 29430
1033934, 1149516, 422823, 723522, 23632, 41532, 66137, 36970
1220065, 962951, 420327, 710974, 36570, 57695, 46573, 23934
1028739, 1146922, 397701, 750578, 41287, 72748, 33536, 18468
1218911, 966264, 411762, 734011, 26639, 42734, 64285, 33194
1030308, 1146059, 421156, 707775, 26926, 45681, 59391, 33299
1220303, 961415, 424858, 710945, 39412, 61542, 42509, 22347
1035780, 1146881, 408656, 728819, 37200, 63061, 41261, 23381
1221272, 962209, 408511, 732466, 26186, 41065, 64947, 33206
1033813, 1149232, 423589, 712279, 23452, 40665, 65537, 36697
1221054, 965957, 412243, 719086, 31008, 47894, 56216, 29312
1034229, 1150706, 411759, 723939, 28641, 50870, 56316, 30656
1224970, 961569, 407250, 723992, 29613, 46774, 58333, 29667
1033904, 1149137, 415525, 716158, 29678, 50591, 53942, 30473
1221307, 964148, 417996, 723824, 34261, 54084, 51309, 26268
1033458, 1150586, 393669, 727566, 31473, 57420, 49017, 25645
1223064, 961599, 401412, 721916, 29105, 48156, 58238, 28542
1035634, 1146540, 424402, 721347, 29450, 48649, 56475, 32752
1220379, 964088, 417373, 708412, 36445, 57050, 46225, 23992
1031128, 1146216, 400884, 733454, 32587, 57256, 47987, 26001
1219317, 958350, 404581, 732525, 27891, 44905, 60936, 30687
1032323, 1145755, 416637, 709134, 28779, 49452, 54760, 31427
1222237, 960072, 430808, 715609, 40240, 61386, 43054, 22402
1035162, 1148529, 386959, 727119, 34151, 61497, 43386, 22805
1222109, 959943, 383394, 719351, 25498, 42277, 62142, 30170
1030608, 1145691, 432290, 710590, 22230, 37823, 68036, 39189
1221074, 960052, 419969, 710902, 35196, 54179, 49572, 25648
1032801, 1144841, 382142, 737717, 39259, 70266, 34832, 18327
1219507, 959434, 386757, 731074, 22152, 37229, 68554, 33581
1033211, 1146693, 424241, 708341, 26317, 44772, 60370, 34163
1031555, 1118120, 380484, 725446, 28184, 52029, 50648, 26525
1211663, 965510, 432117, 709522, 38256, 59005, 44342, 23326
1035734, 1122723, 421768, 724823, 30440, 51877, 52628, 29536
1211106, 968188, 378259, 737628, 24446, 40102, 65786, 30871
1034475, 1122308, 406940, 725309, 31326, 55400, 49545, 27230
1209962, 966972, 415054, 717619, 37428, 57602, 45607, 23336
1033185, 1116595, 419075, 716421, 27049, 45290, 58058, 32805
1212666, 959787, 402296, 731998, 26214, 41947, 64138, 31349
1034233, 1113919, 390801, 725162, 28566, 51867, 51525, 27327
1209161, 963896, 417665, 725250, 34499, 54250, 50697, 25458
1033855, 1117698, 419317, 726463, 30019, 50530, 53726, 30613
1208427, 966205, 392321, 726127, 28866, 47416, 57606, 27619
1030785, 1116338, 405677, 708182, 21719, 38889, 64874, 34822
1210892, 964789, 404156, 752288, 16999, 26640, 81597, 41430
1030467, 1118787, 408492, 738191, 32353, 56105, 48541, 26863
1208724, 965921, 408213, 709468, 36943, 58613, 44100, 21602
1031559, 1116018, 401487, 706917, 22224, 39607, 63242, 33941
1208034, 965421, 403528, 730253, 18407, 29630, 77576, 38705
1033413, 1118555, 401062, 730579, 38868, 67396, 35728, 19616
1207903, 965042, 395326, 708394, 35959, 58992, 43643, 20914
1035703, 1123174, 405940, 733185, 27511, 48122, 56894, 31266
1211500, 968182, 421947, 722027, 32498, 50652, 54467, 27921
1034910, 1123143, 416712, 723834, 33357, 57639, 46807, 26474
1210222, 969118, 411971, 729450, 34635, 54122, 50846, 25575
1033418, 1115889, 407050, 729675, 27449, 48189, 56428, 30560
1212637, 960366, 433592, 719565, 32520, 49199, 56123, 29266
1034043, 1117942, 426966, 727760, 34571, 58065, 46476, 26416
1211259, 967157, 404799, 729397, 34820, 55485, 49601, 24182
1032099, 1114229, 399598, 737668, 38859, 67648, 35921, 19406
1213546, 966515, 420451, 705236, 40261, 62335, 39355, 20557
1035200, 1123215, 422251, 701559, 20069, 34741, 69093, 39169
1211629, 964192, 408488, 731353, 28009, 44020, 62025, 30790
1033250, 1116663, 384499, 733976, 36367, 65243, 38342, 20260
1212343, 967566, 431527, 703279, 39787, 61323, 42130, 22264
1036892, 1115143, 429647, 707517, 23955, 40437, 64017, 35680
1211435, 962538, 397461, 727034, 27944, 44487, 60426, 29424
1034016, 1117639, 409432, 740268, 34259, 59537, 45591, 25312
1210368, 967973, 425697, 703687, 38607, 60113, 43108, 21998
1036870, 1120131, 423091, 706125, 24727, 41878, 62161, 34361
1215699, 966005, 421264, 728762, 32488, 50125, 55699, 28571
1034721, 1120900, 402782, 728947, 39400, 68184, 34630, 19314
1211240, 971812, 401637, 709264, 37805, 61082, 41685, 20489
1033483, 1116805, 399118, 710163, 22703, 41434, 62672, 33091
1208181, 969394, 399395, 730919, 21994, 35207, 70959, 35660
1035879, 1115242, 412627, 741133, 33472, 58400, 47386, 26541
1211892, 966037, 402370, 712259, 32723, 53619, 50419, 24470
1034300, 1118659, 406342, 705807, 20513, 37281, 67070, 36338
1210094, 966471, 407583, 746856, 20617, 31581, 75902, 38408
1034791, 1121362, 428548, 723718, 35818, 58964, 44482, 25897
1210769, 967213, 401671, 734317, 33375, 54085, 51672, 24979
1035945, 1119185, 405471, 727934, 23482, 42030, 63537, 34151
1212555, 973110, 426470, 721746, 29285, 45523, 60703, 31711
1038410, 1117737, 423732, 701179, 23107, 39170, 65491, 36212
1209105, 969361, 412131, 731616, 29853, 46323, 59827, 30151
1039164, 1119056, 402279, 753200, 39264, 67291, 38095, 21123
1212841, 967036, 422144, 706105, 38180, 59355, 44006, 22465
1035233, 1116281, 426896, 713148, 30205, 51085, 52761, 30107
1211366, 967615, 405594, 736397, 29522, 46256, 59290, 29863
1036956, 1120633, 407070, 733365, 30355, 52416, 52544, 28911
1211427, 970184, 427459, 709738, 33998, 52393, 52684, 27363
1036973, 1117149, 411995, 719932, 24238, 42149, 62725, 34337
1211857, 966479, 407043, 730195, 27983, 44873, 61800, 30354
1036407, 1118244, 404907, 732521, 32399, 57702, 47591, 25835
1211370, 966374, 415022, 720576, 35532, 55134, 49337, 24901
1035026, 1118652, 419516, 726328, 30815, 51352, 52968, 29602
1211496, 971302, 395514, 721647, 34685, 57097, 48132, 22597
1038158, 1121778, 400453, 718426, 26611, 47921, 56140, 30489
1210865, 966658, 423542, 721731, 33631, 51423, 53248, 27453
1036774, 1118861, 424498, 702194, 21174, 35777, 67540, 38227
1213940, 971592, 399698, 737508, 24376, 38971, 67700, 33810
1040192, 1121390, 401457, 733211, 37741, 64418, 39310, 21657
1216791, 972852, 418667, 706024, 38663, 59916, 43138, 22274
1037093, 1122265, 429362, 717822, 31281, 51615, 52121, 30104
1210269, 965796, 387583, 719843, 29108, 48079, 57129, 26855
1037866, 1120971, 382647, 728580, 29940, 55134, 49079, 25301
1211978, 973619, 423546, 719514, 35075, 54527, 50980, 26303
1039560, 1119864, 419787, 712111, 27441, 46266, 57704, 32401
1209459, 971491, 381951, 730477, 23330, 38381, 67093, 32604
1039880, 1122987, 383940, 729089, 32666, 59977, 44300, 23160
1211026, 967486, 425506, 700143, 40128, 61829, 41178, 21106
1121952, 1045744, 381106, 732988, 32067, 55035, 49890, 23659
1127916, 1064456, 424032, 718567, 28650, 48275, 57814, 32561
1119962, 1050576, 419940, 721817, 31344, 49726, 55685, 28825
1124567, 1066438, 373122, 734101, 27521, 52364, 53345, 27065
1124004, 1047658, 404189, 729123, 25846, 41967, 63745, 32205
1127461, 1065866, 414581, 717514, 25906, 44825, 61158, 33889
1122505, 1047429, 413248, 720111, 39499, 62834, 40841, 20925
1128515, 1065773, 404242, 729443, 38628, 66878, 39271, 21090
1121753, 1048482, 394579, 722459, 27918, 46268, 58438, 28945
1128713, 1066331, 418647, 723472, 29504, 49880, 56230, 31468
1122699, 1047799, 420620, 723106, 34972, 54370, 49803, 26278
1127983, 1065005, 395261, 727534, 28749, 51815, 54364, 28695
1121256, 1049044, 399762, 712021, 27840, 45781, 59010, 29310
1128738, 1061521, 411576, 740998, 32315, 54288, 52237, 28789
1123462, 1047126, 412394, 739006, 30164, 47932, 58471, 29793
1128475, 1063927, 409739, 704655, 25485, 43941, 60627, 33231
1124450, 1047056, 398813, 706756, 39084, 64714, 37494, 18695
1128438, 1069518, 401503, 735153, 33696, 59357, 46970, 25626
1122086, 1048705, 407966, 726565, 22066, 35485, 70248, 36155
1132353, 1067209, 405655, 706877, 22542, 38678, 66108, 35933
1123047, 1054940, 407444, 726418, 41570, 68261, 36079, 18387
1127219, 1068032, 418922, 716383, 39980, 68429, 36900, 20802
1125657, 1054621, 412910, 727459, 23448, 37903, 69247, 35378
1129734, 1068840, 404182, 730839, 24912, 43963, 62940, 34067
1122931, 1051897, 397927, 732109, 37947, 63109, 41720, 20484
1130091, 1067696, 420078, 732696, 31618, 54441, 52394, 29466
1126400, 1049868, 420653, 726713, 24898, 38999, 68037, 35235
1133491, 1065261, 399589, 730347, 22213, 39897, 68024, 35729
1123783, 1050494, 399852, 735276, 22947, 37656, 69306, 34664
1134587, 1073141, 413148, 713100, 22006, 38272, 67976, 37345
1125556, 1050618, 416045, 705383, 32437, 52328, 51244, 26656
1131184, 1067683, 404549, 727623, 38476, 65909, 39102, 21596
1125356, 1054226, 380883, 736694, 28067, 47232, 57779, 28020
1130411, 1070809, 420626, 707350, 27756, 46945, 58450, 32654
1125118, 1055359, 426078, 700110, 34020, 53562, 50464, 26486
1128398, 1071295, 385392, 729884, 31290, 56774, 48287, 25698
1124742, 1050324, 420802, 726532, 33415, 52918, 52577, 27009
1128243, 1069658, 423549, 702784, 33632, 56042, 48628, 27429
1125615, 1048892, 420736, 704539, 31317, 49588, 54650, 28420
1128486, 1067944, 410404, 733443, 28520, 49831, 57839, 31569
1126149, 1052341, 401767, 728715, 24758, 40584, 65809, 33123
1135383, 1068351, 396021, 713254, 27211, 48490, 56833, 29882
1126199, 1054312, 394957, 708229, 32100, 53535, 49803, 24684
1127889, 1067276, 406281, 724526, 37374, 63364, 40584, 22717
1124829, 1051104, 414209, 739037, 31589, 50066, 56531, 29025
1130587, 1068801, 403835, 710406, 29953, 52045, 52895, 28602
1124596, 1051921, 403481, 707521, 30511, 50240, 54021, 26967
1130492, 1066749, 404098, 743416, 31983, 55994, 51349, 27945
1125585, 1051614, 422083, 721047, 25260, 40252, 66876, 34357
1130061, 1070661, 396878, 731883, 22378, 40926, 66850, 35405
1125717, 1055646, 401440, 729932, 39454, 65276, 39522, 19921
1129334, 1068118, 422851, 719858, 38728, 65679, 40142, 22664
1124886, 1048355, 413680, 714004, 30751, 49597, 55490, 28618
1130657, 1070216, 399921, 745700, 27721, 49521, 58944, 31566
1128068, 1050108, 393981, 755243, 35288, 58094, 48324, 23552
1132352, 1064593, 419882, 706383, 30266, 52402, 52982, 29415
1123655, 1048095, 417173, 713707, 23466, 37599, 68717, 35066
1128390, 1068200, 404550, 728767, 23070, 40903, 66298, 35861
1122672, 1049774, 408638, 725912, 37394, 61071, 43494, 22162
1128219, 1068179, 422209, 712266, 37502, 62348, 42453, 23931
1124054, 1051031, 410213, 717831, 40726, 65712, 37270, 19292
1128436, 1064123, 403164, 726361, 38149, 67074, 38551, 20900
1121896, 1046069, 406429, 723393, 21617, 35215, 70942, 35868
1134005, 1066568, 413182, 718455, 24204, 41373, 64397, 35276
1126024, 1051198, 421373, 720883, 36662, 56705, 47386, 24832
1131509, 1064265, 395054, 720787, 30685, 54271, 51233, 27112
1122346, 1051913, 395332, 715525, 27415, 45773, 58852, 29042
1127547, 1064387, 420639, 719700, 28264, 47673, 57930, 32624
1120796, 1050450, 415853, 700215, 37883, 59849, 41979, 21973
1129200, 1066702, 393013, 735082, 39360, 69275, 35986, 19267
1121238, 1048881, 402270, 726614, 22212, 36419, 69526, 35333
1128167, 1063610, 422954, 697941, 16804, 27963, 77061, 43027
1123951, 1050214, 423798, 717165, 32342, 50286, 54551, 28492
1131455, 1067369, 371339, 734597, 25526, 48467, 57768, 29028
1124202, 1050463, 381756, 722051, 30508, 51828, 52269, 24882
1129535, 1068009, 425183, 713379, 31551, 52551, 52399, 29627
1123972, 1051044, 423721, 704066, 33524, 53184, 50655, 26838
1127813, 1065233, 385608, 730168, 31692, 57037, 48115, 25577
1121694, 1049165, 377354, 739234, 27861, 46952, 57625, 27508
1127867, 1067375, 427148, 699504, 28760, 47564, 56549, 32122
1142143, 1044008, 382288, 721045, 19929, 35326, 70418, 34842
1123246, 1072720, 427846, 715484, 22761, 36934, 69565, 38463
1143706, 1041942, 431227, 714309, 35218, 55209, 49655, 26381
1124317, 1069349, 375634, 734521, 36752, 65154, 39980, 19486
1140984, 1037746, 402892, 729989, 29226, 48958, 57493, 29001
1124093, 1069767, 413967, 720754, 25660, 43187, 63234, 34187
1141132, 1042408, 410159, 718918, 32127, 52211, 52237, 27004
1125097, 1069181, 404555, 726888, 33564, 57131, 48191, 25385
1141954, 1040921, 393453, 724420, 23506, 40220, 65973, 33182
1121515, 1070820, 418764, 720747, 23835, 39788, 66204, 36765
1140221, 1038931, 421911, 720871, 38024, 59922, 44125, 23539
1121814, 1068159, 392619, 720756, 34639, 59811, 45217, 23080
1139975, 1042209, 400740, 715765, 22852, 38969, 67372, 33684
1121996, 1069031, 408997, 739215, 24324, 41641, 66225, 35270
1142446, 1039084, 406890, 746756, 35824, 58984, 47021, 24338
1122008, 1066641, 406392, 712778, 36131, 61292, 43433, 22294
1141116, 1042554, 397305, 715789, 26261, 44637, 60539, 30521
1122434, 1070051, 398466, 733721, 25445, 44651, 62418, 32149
1139788, 1036457, 405714, 723465, 36189, 59981, 44324, 22492
1121650, 1065922, 401962, 701480, 38806, 64942, 36368, 19979
1138269, 1037717, 412350, 721202, 28003, 44820, 59474, 31633
1120081, 1064393, 420923, 717077, 29712, 48054, 56956, 30705
1140611, 1041770, 419849, 714832, 34194, 55463, 49564, 26158
1121755, 1069397, 404660, 730813, 33756, 56863, 48628, 25948
1141676, 1043497, 397443, 732740, 27795, 47114, 59866, 29724
1122758, 1070273, 423104, 724851, 25936, 42676, 64246, 35016
1143837, 1041305, 430087, 721033, 38829, 61457, 42764, 22603
1123330, 1068381, 402854, 732712, 38748, 65429, 39930, 20892
1137941, 1041321, 406809, 728730, 29830, 49448, 55820, 29342
1122729, 1066625, 412711, 708398, 28747, 47647, 56340, 30584
1140782, 1041834, 420290, 703378, 30565, 48580, 54343, 29026
1120949, 1067923, 402827, 727533, 31585, 53382, 52442, 27258
1138813, 1038845, 381271, 739743, 23805, 42336, 64288, 31876
1121242, 1068811, 435158, 692666, 26351, 42024, 62048, 35284
1137520, 1035865, 430456, 698804, 35981, 56094, 46226, 25305
1119156, 1068623, 380717, 733849, 34263, 60369, 44315, 22046
1138324, 1035917, 407362, 745390, 29541, 48389, 58046, 30044
1123177, 1067956, 426235, 696526, 32672, 52982, 50261, 28036
1138511, 1035333, 421358, 705484, 30066, 47370, 56272, 29936
1120720, 1068056, 407831, 738123, 29038, 48975, 58058, 30697
1138937, 1037718, 399684, 732037, 35714, 59903, 44905, 22605
1120131, 1067424, 396818, 713407, 32675, 56780, 47522, 24425
1140903, 1039369, 401393, 714666, 25819, 43117, 62116, 31176
1122587, 1069219, 403431, 732196, 25065, 43289, 63893, 32970
1136793, 1040227, 410603, 737057, 34782, 57171, 48210, 25094
1120757, 1067525, 403752, 709749, 31935, 53768, 49859, 26709
1137841, 1038773, 398276, 719728, 29190, 49214, 55075, 27923
1119136, 1069917, 407502, 742932, 28419, 49270, 58014, 30872
1138047, 1036378, 421683, 729719, 37926, 60431, 44378, 23539
1118815, 1066698, 404213, 726351, 36981, 63358, 41545, 22145
1135341, 1033441, 404077, 729824, 19117, 31299, 74390, 38544
1120125, 1067467, 427559, 721212, 25014, 41595, 65015, 35672
1138602, 1037678, 421536, 704784, 30758, 49763, 54636, 28905
1119321, 1066860, 405370, 740452, 29552, 50280, 56523, 29873
1138988, 1036625, 405974, 745166, 30139, 50177, 56038, 29138
1118102, 1067583, 421985, 708372, 31177, 51165, 53153, 29353
1136130, 1038623, 424047, 713621, 32618, 52309, 52077, 27782
1120132, 1066812, 403561, 730387, 33426, 56531, 48654, 25856
1139275, 1035938, 401339, 736110, 26296, 43412, 62968, 31929
1124241, 1069403, 419404, 717907, 30559, 51670, 54814, 29026
1139946, 1038705, 413421, 718257, 29984, 48736, 56007, 29215
1119955, 1068263, 405419, 729463, 32182, 55511, 51005, 26828
1138824, 1036582, 405218, 728922, 28473, 47248, 58243, 29674
1118120, 1065649, 413208, 720064, 27798, 45624, 59057, 31725
1137554, 1037104, 424358, 721086, 41254, 64453, 38052, 20860
1116526, 1066720, 399180, 719140, 36538, 62575, 40838, 21469
1139163, 1038723, 392789, 721010, 20543, 35516, 70238, 35328
1121857, 1071886, 416764, 727810, 22529, 37534, 69097, 37748
1140412, 1036044, 420831, 705295, 31790, 50950, 52209, 27716
1120944, 1071906, 402003, 731668, 26570, 46256, 60553, 31965
1138271, 1036073, 401227, 731004, 30376, 51168, 54151, 27843
1119131, 1065122, 413465, 710942, 27886, 45461, 58778, 31828
1136643, 1037878, 432788, 711487, 45064, 70141, 32143, 17921
1121638, 1068201, 385950, 723083, 34553, 60684, 43670, 21732
1136395, 1036738, 382140, 721172, 22137, 38451, 65913, 32991
1120053, 1067666, 432033, 710259, 24553, 39086, 66311, 37119
1137064, 1042778, 421666, 708047, 34868, 55603, 47133, 25409
1124020, 1071356, 373783, 749003, 35014, 62561, 43706, 21271
1139053, 1039836, 379386, 742201, 25290, 44918, 61270, 30326
1122222, 1069503, 426112, 707172, 27746, 45060, 60046, 33081
1119966, 1071499, 384260, 721217, 37411, 66163, 38280, 19302
1138520, 1035787, 433370, 715539, 42044, 65700, 37245, 20506
1121619, 1066405, 439154, 705606, 22024, 34855, 70632, 39862
1139258, 1040172, 384420, 721686, 24054, 41977, 63227, 31149
1119095, 1069189, 403123, 728332, 30439, 51884, 54043, 28227
1140004, 1039278, 411879, 721965, 36329, 57685, 45213, 24050
1121133, 1070176, 423103, 714493, 33650, 54810, 49359, 27400
1139956, 1033853, 413845, 722968, 27082, 44244, 61402, 31957
1120560, 1071181, 400415, 718475, 38873, 66497, 37453, 19602
1138934, 1040063, 418411, 724612, 38391, 61480, 42490, 22825
1121216, 1073155, 419846, 725128, 26664, 44286, 62248, 34425
1137411, 1041247, 393191, 724483, 25833, 43964, 61098, 30637
1120495, 1069959, 401009, 712443, 37341, 63473, 40197, 21036
1139808, 1039641, 406612, 745471, 34857, 57848, 49013, 24913
1120211, 1070058, 411745, 735507, 24690, 42097, 65352, 35146
1141014, 1040016, 403769, 708670, 27487, 46437, 57897, 29618
1122799, 1070972, 396323, 713953, 30563, 53352, 51400, 26685
1143538, 1043370, 405536, 726397, 34607, 56770, 47592, 24818
1122916, 1070956, 403902, 726483, 24077, 41414, 64838, 34222
1141529, 1039782, 398175, 707841, 22083, 36408, 68079, 34350
1121535, 1067905, 411341, 723648, 33671, 55789, 49186, 26921
1137933, 1040736, 423172, 713883, 32487, 52153, 51873, 28056
1123001, 1068321, 424526, 715876, 28718, 47777, 58321, 31927
1139686, 1037788, 411595, 725890, 25104, 40595, 64622, 34412
1124431, 1071375, 403207, 727267, 36563, 62341, 43031, 22578
1143661, 1045400, 425569, 721654, 37273, 59493, 45391, 24311
1122345, 1074328, 428538, 717369, 24249, 40388, 66599, 36506
1143226, 1043358, 398572, 734197, 24866, 42104, 64793, 32298
1124775, 1072104, 396550, 734683, 35196, 59835, 45327, 23428
1142132, 1042315, 419750, 704542, 32475, 51648, 50988, 27405
1123282, 1072042, 418497, 696806, 31312, 51550, 51778, 28714
1142569, 1042220, 393988, 738660, 28009, 48057, 58402, 29326
1121077, 1073266, 374150, 749364, 34168, 62009, 44489, 21662
1141396, 1043709, 427004, 703404, 37624, 60023, 43726, 23535
1123728, 1072337, 420137, 710534, 29115, 48560, 56256, 30707
1138191, 1042648, 379050, 740016, 23161, 41263, 64849, 32311
1121191, 1069586, 404940, 743270, 32427, 54610, 52016, 27465
1141635, 1042119, 420400, 704893, 29921, 48528, 56432, 29315
1126321, 1072283, 415238, 717996, 32270, 53842, 51870, 27792
1143568, 1041713, 401144, 744325, 29477, 49987, 57569, 28856
1121414, 1071582, 401431, 735505, 23382, 40450, 67012, 34970
1143550, 1041266, 397113, 714836, 26187, 44337, 60082, 30326
1124743, 1073055, 396973, 710039, 33993, 58805, 45307, 23748
1139369, 1044915, 402634, 728523, 35120, 58103, 46293, 23859
1123738, 1072400, 413424, 737886, 30302, 51175, 55842, 29893
1140916, 1040433, 406198, 707131, 24440, 40462, 63863, 32973
1127901, 1072480, 408827, 706940, 39477, 66947, 36574, 19889
1142519, 1043401, 410942, 745151, 38963, 63775, 42325, 22275
1124821, 1071944, 422908, 727962, 22711, 38451, 69750, 37603
1143149, 1041867, 405964, 725038, 28681, 47974, 57756, 29272
1125646, 1073999, 402258, 727817, 33383, 57634, 48250, 25520
1144205, 1042521, 422644, 725024, 38469, 62250, 42835, 22423
1126079, 1069540, 416254, 710352, 31251, 52821, 53197, 28087
1142319, 1045963, 404050, 744203, 30208, 50639, 56559, 29230
1124373, 1072394, 407641, 740669, 30406, 51603, 55861, 29571
1142473, 1042289, 420802, 709313, 30842, 48660, 54437, 29153
1125164, 1073006, 420674, 713378, 29405, 48559, 57482, 31106
1139740, 1044489, 409630, 727350, 29545, 48923, 56637, 29517
1124431, 1068147, 408621, 732183, 31890, 53077, 52467, 27901
1143111, 1040304, 425296, 713207, 34433, 54779, 49660, 26096
1127267, 1071637, 416537, 717364, 26013, 42661, 62658, 34523
1142059, 1038429, 410517, 726364, 25100, 41482, 64555, 33711
1123748, 1072155, 408465, 723227, 34323, 57666, 48302, 25335
1142880, 1043874, 414036, 716217, 32878, 52440, 52331, 27368
1126146, 1073380, 417500, 723291, 23909, 40466, 66326, 36375
1141889, 1043104, 393464, 722815, 22503, 38531, 67729, 33621
1123530, 1071209, 397879, 718465, 38388, 66280, 38445, 19655
1142039, 1041511, 423040, 721733, 37265, 58316, 45655, 24684
1123790, 1072238, 419182, 704068, 27293, 44816, 59866, 32973
1141339, 1042662, 405487, 722998, 30907, 50954, 54030, 27729
1126227, 1073000, 400157, 733345, 27654, 47294, 58961, 31123
1143720, 1045675, 414560, 704985, 35341, 56701, 46214, 24773
1125400, 1075411, 424278, 714639, 22810, 37693, 69003, 37918
1144478, 1045235, 373791, 728983, 20215, 36179, 70071, 33993
1127104, 1074238, 383881, 726463, 37126, 64839, 39470, 19982
1143777, 1042365, 426802, 715764, 35898, 56749, 47285, 25380
1125741, 1076223, 424414, 700815, 29385, 48195, 57071, 31179
1142345, 1044971, 382952, 732437, 24152, 42696, 63172, 31387
1125727, 1073574, 383384, 732563, 31887, 55373, 49770, 25205
1144585, 1046562, 423071, 708751, 33463, 53651, 50768, 27160
1127681, 1070075, 375694, 727424, 25492, 47689, 58061, 29573
1125175, 1054971, 429722, 711884, 30281, 46099, 58405, 31187
1133666, 1072316, 427830, 715145, 34721, 57707, 47954, 27154
1128394, 1050726, 381430, 725575, 30588, 51780, 52666, 25158
1131274, 1069710, 405062, 721494, 37414, 64657, 40109, 21821
1127047, 1054962, 417985, 713720, 40319, 63534, 39460, 20846
1134655, 1069643, 414789, 715008, 23722, 40745, 65434, 36235
1127979, 1055001, 404199, 728341, 24210, 39756, 66962, 33343
1133210, 1071914, 394174, 724152, 30712, 55350, 50788, 26639
1130155, 1058498, 416759, 724725, 33592, 53572, 51665, 26702
1132857, 1070141, 421824, 719751, 27498, 46133, 59439, 34109
1124711, 1049254, 398144, 717112, 29246, 47721, 55861, 27864
1131795, 1068612, 404163, 710795, 25707, 45302, 60032, 32139
1127011, 1053924, 400884, 746773, 30122, 49110, 57589, 28563
1135529, 1068280, 405651, 740971, 33396, 58599, 48585, 26259
1127772, 1054989, 402798, 709033, 31960, 53485, 51246, 25400
1129930, 1069674, 394415, 705554, 25917, 46934, 57431, 30434
1124532, 1050985, 401275, 723892, 27065, 43487, 61206, 30719
1132402, 1068081, 398580, 728004, 34516, 60448, 45032, 24327
1126214, 1055395, 394062, 709597, 34449, 58264, 44764, 22382
1135474, 1070673, 404389, 732697, 21151, 37572, 69529, 37963
1128153, 1053594, 419353, 711251, 23517, 37552, 68429, 35373
1131176, 1070034, 415265, 721520, 37991, 64742, 40762, 22375
1126332, 1053143, 401731, 730302, 39684, 64236, 39637, 19799
1130971, 1069551, 408257, 717999, 21820, 38042, 68093, 36803
1124323, 1050785, 427007, 723650, 21041, 32586, 74266, 39109
1130282, 1070767, 428746, 716517, 40090, 67002, 38117, 22029
1126863, 1053704, 397056, 728292, 38765, 64259, 39637, 19459
1134573, 1070547, 391766, 739101, 36544, 64027, 41462, 22145
1126983, 1052526, 419396, 699299, 38942, 61209, 39916, 21161
1133433, 1070506, 411586, 702133, 21140, 36184, 68661, 37567
1126780, 1054794, 397238, 732992, 25882, 42713, 63221, 31759
1133806, 1067177, 386110, 729688, 31306, 55226, 49837, 26356
1124092, 1052506, 428460, 693073, 33787, 52525, 50556, 26841
1129358, 1069114, 430757, 694186, 29563, 48627, 55586, 31805
1123192, 1050987, 386499, 723560, 27593, 45869, 58274, 28557
1131991, 1067421, 398488, 747233, 27373, 49074, 59270, 31361
1123345, 1052263, 424136, 697005, 29272, 46597, 57386, 29965
1129626, 1069170, 413853, 713549, 30641, 52557, 52569, 29063
1125234, 1051352, 406026, 741314, 33939, 54768, 51040, 25823
1128816, 1066347, 403853, 726623, 42828, 72342, 31712, 17613
1126284, 1047497, 399697, 705737, 36207, 58640, 42909, 21293
1132352, 1065959, 400443, 705278, 24218, 42054, 61750, 33240
1124790, 1050787, 404977, 721440, 22088, 35078, 70235, 35778
1128058, 1066924, 407000, 740659, 31676, 54568, 51914, 28833
1123467, 1052344, 404380, 702447, 28028, 45390, 57877, 29402
1127853, 1069330, 406004, 703961, 27405, 47794, 57074, 30600
1122983, 1048565, 405348, 741149, 27955, 44730, 61429, 30770
1131088, 1064972, 427826, 718258, 40662, 67716, 36904, 21093
1123177, 1046934, 404387, 727017, 40615, 65943, 37053, 18235
1125936, 1065443, 398977, 727674, 26157, 47303, 59312, 31419
1124777, 1053432, 415817, 729999, 24701, 39081, 68102, 35091
1131936, 1067053, 415326, 709782, 31275, 53395, 51647, 28548
1123582, 1051627, 398004, 742133, 32719, 53518, 51541, 25462
1128987, 1066689, 401421, 740615, 27296, 47971, 59671, 31873
1124020, 1049525, 413060, 711691, 29639, 47807, 56833, 28919
1128430, 1067143, 417966, 712338, 35864, 60745, 43953, 24615
1125336, 1051518, 404282, 728912, 34787, 56645, 48027, 23850
1130046, 1069362, 406758, 731044, 22103, 39125, 67667, 36884
1123867, 1051356, 419180, 717299, 25934, 41102, 64064, 33556
1129293, 1067616, 411532, 718045, 21962, 37997, 67599, 37221
1123861, 1053674, 405436, 727835, 25208, 41526, 65068, 32931
1129501, 1065887, 404127, 728028, 37005, 64529, 41314, 22013
1123507, 1052136, 416979, 715532, 34214, 54274, 49747, 26040
1130889, 1067728, 420121, 721885, 28275, 47745, 58202, 33014
1122094, 1051892, 396731, 720544, 25448, 42862, 62772, 31247
1129285, 1066303, 392577, 725822, 31249, 56695, 49202, 25481
1120442, 1049155, 419002, 724516, 34587, 54676, 49353, 25907
1126896, 1061298, 421326, 705115, 25774, 43261, 61449, 34436
1119141, 1043727, 401289, 729442, 26380, 43376, 61716, 30448
1129226, 1062859, 396855, 733233, 34960, 61651, 43611, 23471
1122038, 1049469, 418906, 701812, 41324, 64833, 35698, 19485
1127271, 1066979, 427978, 713413, 29982, 50313, 55264, 31847
1121573, 1048059, 389428, 717049, 30197, 50877, 52408, 25854
1124569, 1064989, 375950, 729215, 23284, 43984, 61108, 31301
1119798, 1047846, 420617, 722154, 29752, 46941, 58062, 29947
1125516, 1063952, 428639, 694159, 27898, 46375, 57387, 32273
1122232, 1050168, 379784, 740112, 28259, 48518, 56865, 26843
1126227, 1067217, 382892, 729117, 31388, 57385, 47590, 25127
1124196, 1050472, 423042, 706518, 34053, 52949, 50507, 26094
1194606, 990834, 385089, 724245, 22211, 35948, 69296, 32772
1070549, 1128151, 431749, 714587, 21298, 37641, 69206, 40337
1195991, 986789, 431722, 710800, 42517, 63594, 39197, 20140
1067514, 1127131, 382391, 726504, 37199, 68707, 35999, 19571
1195783, 985928, 412334, 723966, 23004, 34981, 70539, 35249
1065888, 1128986, 418122, 717949, 21526, 38239, 67615, 38600
1193869, 990296, 416950, 718234, 43070, 65716, 36907, 17921
1067885, 1130437, 407625, 728699, 40286, 72046, 33807, 19476
1193492, 992968, 394336, 722663, 21568, 34884, 71134, 34256
1064022, 1125597, 420407, 721748, 20651, 36919, 69501, 39890
1194415, 990893, 426510, 719199, 38705, 57759, 45757, 23114
1062975, 1129802, 392039, 723927, 36038, 65815, 39249, 21398
1195638, 988616, 402667, 712514, 32128, 51299, 52649, 25191
1070894, 1127192, 404786, 747598, 30480, 55059, 52261, 29418
1193584, 985231, 414956, 740346, 31770, 48408, 57903, 28688
1066333, 1127838, 400594, 711171, 27205, 49717, 55669, 30253
1195155, 987750, 393812, 710070, 34155, 55407, 47437, 22408
1066361, 1126080, 407343, 725429, 34578, 60267, 44517, 25207
1193675, 988890, 402510, 724531, 28975, 44949, 59506, 29340
1065825, 1126934, 400903, 707658, 27399, 48856, 55100, 30397
1191153, 989105, 408493, 728658, 35402, 56074, 48240, 23673
1062283, 1125645, 419182, 721217, 32650, 57434, 48011, 27749
1194095, 981690, 418452, 720484, 31163, 47783, 57181, 28511
1065126, 1125470, 412432, 725330, 27449, 48386, 57055, 32716
1194276, 987113, 403167, 727131, 30690, 47993, 56942, 27351
1064716, 1128622, 424482, 724136, 31653, 54845, 51592, 29851
1194852, 986611, 420989, 727278, 33127, 50782, 54775, 27287
1067318, 1129676, 399180, 732547, 28669, 53113, 53684, 29175
1194436, 989234, 394977, 735935, 21160, 33917, 72824, 35122
1064630, 1128111, 412340, 710603, 21149, 38369, 66519, 37893
1194824, 987728, 420282, 703361, 39881, 60984, 40875, 20492
1064931, 1126824, 402226, 730557, 39258, 69046, 35152, 19839
1191705, 987457, 384725, 730082, 21022, 33890, 72299, 34396
1064665, 1127800, 421278, 706655, 21052, 37844, 67708, 38642
1192342, 988167, 426189, 702538, 42763, 64583, 37150, 18525
1065494, 1127669, 380136, 742332, 38749, 71738, 33627, 18194
1194724, 987066, 398295, 753374, 27724, 43626, 64281, 30642
1065444, 1126833, 417743, 708732, 27385, 49115, 56144, 31820
1191606, 988226, 423567, 700449, 36204, 55550, 47279, 23620
1065896, 1123906, 411745, 735866, 32547, 57539, 48644, 27796
1192025, 988075, 403471, 727756, 25467, 39369, 65860, 32706
1063692, 1126560, 400045, 709204, 26472, 48516, 55708, 30987
1193563, 990439, 396890, 709871, 35490, 56619, 45968, 22236
1066017, 1127161, 401718, 731067, 33113, 59995, 45827, 25652
1195347, 989565, 416292, 735846, 31907, 48603, 57060, 28787
1066598, 1125718, 401989, 707215, 28845, 51726, 52573, 29408
1194636, 990598, 410180, 705823, 31643, 48920, 54542, 26782
1064066, 1127984, 414486, 735011, 26513, 47827, 59239, 33674
1190137, 984968, 427283, 717767, 34666, 52943, 51552, 26040
1067338, 1122073, 403237, 729283, 30086, 55224, 50638, 28346
1193361, 988667, 404957, 727285, 31173, 49491, 55998, 27263
1064779, 1125612, 428420, 714900, 25263, 44156, 61832, 35741
1192960, 990513, 428013, 696167, 37075, 56088, 46546, 23868
1068883, 1123976, 400314, 750446, 36433, 64683, 41586, 23627
1192733, 990218, 412599, 733690, 31529, 48983, 56917, 28308
1069430, 1128279, 420248, 705109, 28492, 50474, 55226, 31225
1191261, 990676, 422878, 709022, 32394, 49378, 54617, 27732
1067129, 1128399, 414793, 720645, 25201, 45289, 61451, 35086
1193697, 989992, 400677, 735386, 35029, 55650, 48700, 23540
1065286, 1128592, 425102, 711810, 29675, 51807, 53699, 31230
1191151, 990978, 412384, 719624, 39745, 62009, 40806, 20050
1066095, 1126671, 404264, 727322, 35844, 63200, 41626, 23584
1192911, 988443, 400418, 728905, 23942, 38127, 68148, 33378
1066581, 1129084, 416660, 718200, 18463, 33775, 71903, 41550
1193259, 988731, 423628, 723534, 37937, 58124, 46130, 23255
1061763, 1127845, 397582, 718841, 35742, 64663, 39543, 22471
1190240, 988973, 403399, 715097, 20469, 32027, 73342, 36287
1063979, 1123967, 422035, 721097, 22702, 39880, 66018, 38023
1193729, 990309, 419325, 699237, 39961, 61284, 40545, 20719
1068319, 1126217, 403570, 732656, 42560, 74134, 30099, 17564
1194280, 989949, 400451, 732710, 22607, 35424, 70474, 35104
1068262, 1127904, 421434, 698757, 16782, 30181, 74778, 42700
1191627, 987590, 428290, 714298, 37333, 56213, 47809, 24277
1067813, 1126726, 376341, 728373, 38144, 71331, 32637, 17992
1195380, 988173, 387749, 718399, 21868, 35167, 70273, 33358
1069073, 1129437, 421378, 721747, 24747, 44397, 62437, 35627
1195776, 990081, 425184, 699990, 42751, 65820, 36022, 17981
1069312, 1129343, 384934, 730954, 37796, 69267, 35721, 19535
1191846, 990164, 382631, 735128, 17485, 28378, 78583, 37599
1068496, 1127844, 435463, 689747, 17553, 30307, 74341, 43434
1077498, 1092929, 379998, 730502, 27045, 47348, 57048, 28146
1184319, 1014186, 426058, 714658, 25770, 40984, 64894, 35589
1077482, 1093670, 424915, 716658, 33640, 54181, 50253, 26917
1181408, 1015854, 374386, 729306, 29065, 52323, 53140, 25834
1078662, 1095229, 406753, 722992, 18745, 32101, 74856, 38560
1182966, 1016156, 417410, 717500, 23064, 37873, 68008, 36817
1079552, 1095462, 415666, 717741, 36959, 60169, 43378, 23160
1184523, 1015325, 406489, 724609, 42179, 71273, 33703, 17395
1080991, 1092340, 393214, 720219, 22972, 40111, 65618, 32910
1182525, 1017061, 417179, 723544, 19253, 31173, 75549, 40694
1081222, 1095041, 417712, 724233, 39445, 62990, 40894, 21928
1181233, 1017415, 394457, 715295, 39299, 67263, 36251, 18684
1079402, 1093001, 407826, 704688, 23871, 39391, 64430, 34083
1182229, 1016453, 406525, 742022, 23029, 39765, 68448, 36619
1078640, 1093508, 408796, 738237, 39834, 65588, 38880, 20075
1185729, 1019377, 397730, 706962, 34644, 59732, 44311, 22903
1082402, 1095722, 401477, 706222, 28540, 47056, 56098, 28907
1185747, 1018736, 407684, 719044, 30450, 51102, 54028, 28686
1080995, 1096747, 399507, 724829, 33139, 54834, 49256, 25438
1182042, 1018588, 396753, 705757, 30981, 52559, 50786, 26224
1077839, 1095009, 401301, 734111, 37901, 62550, 41842, 21629
1183059, 1018994, 418319, 713010, 39001, 65123, 39643, 21058
1080108, 1096480, 417515, 713543, 26544, 43477, 62046, 32692
1183564, 1016350, 407246, 724262, 21970, 36754, 69387, 37108
1080716, 1091479, 404691, 723726, 31837, 52491, 51352, 26559
1183617, 1016084, 424279, 721506, 33345, 54721, 51598, 27972
1079740, 1094393, 425420, 718254, 29153, 46914, 58624, 31388
1181826, 1018314, 404512, 723360, 30700, 52936, 53520, 28057
1081748, 1093707, 393916, 733646, 26019, 44940, 61298, 31129
1182507, 1018823, 412477, 701174, 28459, 47291, 56705, 30925
1078316, 1092382, 414829, 701060, 33461, 54450, 47782, 25874
1183838, 1016266, 394541, 731461, 34747, 60059, 46174, 23464
1079550, 1094624, 380296, 733330, 28092, 49448, 55474, 27268
1186459, 1015230, 421156, 707387, 30202, 48407, 56299, 31148
1077899, 1092639, 426800, 700700, 32195, 51437, 52108, 28175
1182184, 1017875, 386007, 724195, 26701, 46894, 58182, 29989
1079690, 1091225, 404047, 740795, 38937, 63466, 41431, 21149
1186792, 1018244, 431154, 690639, 39860, 64573, 38641, 21531
1083283, 1094570, 417417, 708296, 25832, 41985, 63073, 32825
1183951, 1019430, 401018, 745155, 22061, 38598, 70205, 37037
1082973, 1095906, 399325, 731291, 30219, 51391, 54836, 27824
1184940, 1020036, 395927, 704469, 30610, 52102, 51397, 26828
1082134, 1096210, 400748, 702362, 29365, 48426, 54250, 28344
1186786, 1019265, 399478, 724750, 28184, 48019, 57608, 30145
1080854, 1092845, 405499, 744524, 41990, 68154, 36072, 18797
1184779, 1022441, 403691, 706179, 37571, 64455, 39055, 20760
1082104, 1097797, 405639, 701953, 23303, 39129, 64890, 33873
1187366, 1017304, 415602, 733143, 26912, 44694, 63032, 33532
1082172, 1091922, 427649, 715068, 30219, 47681, 56755, 30630
1183850, 1013607, 400748, 724824, 30043, 51541, 54318, 28257
1081620, 1096178, 398221, 730124, 31567, 53381, 51445, 26460
1182299, 1018433, 419477, 722792, 31202, 51658, 54597, 29481
1081810, 1097331, 415829, 711078, 26219, 42874, 61675, 32699
1182903, 1019479, 402358, 746458, 22853, 39396, 68207, 36586
1083284, 1093329, 403177, 742501, 37566, 61570, 44120, 22450
1184377, 1017429, 434100, 677626, 43743, 70526, 31077, 17833
1080724, 1096841, 425434, 707652, 23482, 38430, 66427, 36152
1182690, 1018535, 403531, 728196, 25173, 42399, 63591, 33830
1080627, 1092093, 404134, 732577, 40468, 65561, 37180, 20098
1181861, 1018008, 415437, 711206, 35547, 58141, 45678, 25054
1079722, 1096265, 408585, 716560, 42174, 68432, 33410, 18166
1183803, 1018416, 403155, 726931, 36471, 62478, 43089, 22704
1082425, 1092219, 405019, 724435, 21267, 36115, 70605, 35829
1183124, 1017538, 413496, 713336, 24638, 40849, 65294, 35007
1082199, 1090766, 424224, 715902, 32778, 51485, 53010, 28388
1184837, 1017661, 398701, 715582, 39250, 66778, 37094, 18949
1083065, 1094035, 398489, 711459, 19144, 33005, 72457, 37131
1183113, 1016790, 418169, 719804, 21735, 35270, 71514, 38510
1082520, 1094805, 416581, 699516, 31714, 51024, 51091, 27884
1185449, 1021239, 395442, 729679, 34959, 60095, 45141, 23209
1083107, 1097709, 398910, 727154, 23088, 39793, 66617, 34013
1182679, 1020810, 417728, 697603, 28882, 46336, 56879, 31268
1079171, 1095366, 428190, 707506, 38052, 60259, 43148, 23651
1183572, 1020155, 379164, 721363, 31371, 55322, 48995, 24680
1081836, 1093236, 380422, 720583, 22449, 40015, 64978, 32199
1182464, 1020495, 425693, 712995, 28413, 47361, 58503, 32610
1081176, 1093767, 434910, 683637, 28790, 44660, 57970, 32023
1185501, 1018442, 385062, 722109, 30295, 52633, 52009, 26106
1083794, 1095576, 379914, 726890, 28023, 49331, 56156, 27501
1184503, 1022280, 425073, 694245, 33756, 55563, 48570, 26818
1187945, 1022459, 370378, 733386, 29970, 53988, 52111, 25000
1085180, 1099442, 423648, 712487, 37291, 59933, 43833, 23820
1183332, 1020132, 427378, 709363, 31125, 50544, 54628, 30213
1081591, 1092241, 380649, 720656, 29030, 50063, 53052, 26696
1181822, 1019095, 404878, 723002, 34803, 58936, 46251, 24516
1083226, 1091374, 413102, 711830, 39174, 63026, 38786, 20945
1183449, 1017543, 409984, 714895, 22834, 37687, 67535, 36244
1083505, 1094813, 401408, 723407, 21632, 36892, 69486, 36080
1184100, 1017549, 393389, 713879, 37494, 63527, 39664, 20384
1081408, 1092911, 422120, 716996, 38338, 60471, 42383, 22859
1183186, 1018031, 414328, 721776, 21271, 35669, 71105, 38118
1081750, 1096331, 396615, 715250, 19582, 33396, 72423, 36468
1182636, 1018989, 398924, 708184, 35957, 61078, 42256, 22074
1080330, 1094308, 406023, 737371, 39335, 64470, 40305, 20826
1186414, 1017222, 406433, 736248, 22726, 38560, 69157, 36635
1082223, 1093230, 403494, 697683, 23392, 39271, 64645, 33566
1185900, 1018099, 390486, 707791, 30061, 51714, 51786, 26787
1083136, 1091369, 394884, 728124, 29537, 50061, 55054, 27815
1185715, 1015916, 396858, 730615, 29889, 51716, 55015, 28236
1082594, 1089603, 394967, 708316, 28934, 48600, 54449, 27527
1185173, 1012523, 402233, 731004, 24907, 41951, 64816, 33704
1079614, 1092529, 416532, 716603, 23676, 39182, 66472, 34890
1182262, 1015059, 417606, 710483, 35918, 59475, 45249, 24190
1078372, 1090772, 399500, 728051, 35382, 59095, 45000, 23176
1182962, 1014858, 397145, 726098, 28789, 49630, 55895, 28931
1081145, 1091177, 420125, 722628, 31558, 50367, 54524, 28779
1182465, 1014485, 414543, 726486, 30963, 51281, 54944, 29446
1077287, 1090798, 401162, 722489, 29183, 48846, 55738, 28484
1184572, 1015237, 394539, 728184, 31471, 54280, 51082, 26051
1076993, 1089152, 413968, 698600, 32628, 52325, 49461, 26382
1182623, 1013228, 413341, 700239, 29701, 48936, 54892, 29378
1077531, 1092165, 398413, 727854, 24412, 42077, 63439, 32488
1182568, 1010989, 376172, 735015, 27046, 48470, 57240, 28416
1076977, 1090229, 418847, 704764, 31693, 51240, 51854, 28063
1180195, 1013583, 426532, 691133, 35791, 57788, 45105, 25131
1075541, 1092917, 382553, 724014, 26611, 47193, 57114, 28404
1182562, 1012857, 406174, 737207, 26156, 43867, 63070, 33195
1077570, 1091681, 425605, 693469, 24549, 38791, 64430, 34892
1184431, 1017317, 418005, 701206, 37411, 61433, 42278, 22827
1078664, 1094029, 406585, 737650, 35102, 58680, 46673, 24156
1185315, 1014787, 403735, 729320, 30305, 51436, 54095, 28408
1078680, 1092658, 396577, 707163, 26640, 45351, 58039, 29378
1183061, 1015101, 394123, 709170, 31133, 53654, 50401, 26015
1076745, 1095794, 399328, 723636, 30183, 50790, 53556, 27434
1180918, 1014216, 408570, 744977, 26780, 45190, 62409, 32869
1077642, 1093998, 401552, 709662, 27442, 46260, 57335, 30111
1184888, 1012713, 402688, 708547, 33594, 56374, 47288, 24556
1075296, 1092994, 407316, 743918, 40657, 66424, 38029, 19708
1182569, 1009914, 424642, 720816, 33437, 53761, 51417, 28277
1075711, 1096908, 397968, 729528, 31062, 52591, 52434, 26849
1181738, 1014135, 397860, 727642, 29662, 52048, 53977, 27784
1078024, 1093612, 422785, 722464, 30959, 49594, 55350, 29439
1181938, 1013138, 417185, 709507, 35730, 58688, 45233, 24225
1076358, 1091469, 404892, 736745, 33709, 56536, 48870, 25024
1183560, 1014018, 402969, 739520, 26978, 46354, 61542, 31786
1075314, 1090124, 421369, 702300, 27464, 44894, 59259, 31710
1183031, 1010036, 421033, 716453, 41448, 68482, 36423, 19575
1078544, 1088928, 400739, 729615, 37849, 62716, 40495, 20944
1186282, 1009819, 406209, 723081, 28367, 47870, 58513, 30356
1075223, 1091290, 421612, 710804, 23769, 38519, 66570, 35388
1180958, 1014538, 416364, 716009, 25805, 42502, 62437, 34038
1075564, 1093333, 402445, 724444, 26892, 45399, 59060, 30555
1179874, 1013603, 403691, 725582, 36840, 61791, 42857, 22522
1076425, 1092357, 413194, 717050, 39731, 64005, 38294, 20808
1181393, 1013677, 417765, 721889, 21973, 35726, 70419, 38389
1075935, 1088220, 397379, 718795, 24188, 40888, 63286, 32717
1180747, 1011993, 401787, 719440, 36442, 61277, 42780, 22292
1073805, 1093721, 417828, 720358, 37633, 60848, 42054, 22938
1182489, 1014259, 406832, 714470, 25467, 42352, 62716, 33393
1075007, 1091939, 396144, 736507, 27096, 46914, 58888, 29806
1183424, 1013993, 393595, 739295, 32029, 55408, 51214, 25736
1074608, 1093611, 408485, 712899, 31455, 51577, 52025, 27145
1184767, 1008632, 432435, 709223, 31810, 50144, 54043, 30103
1073729, 1095453, 380047, 724704, 24660, 43861, 61018, 29845
1179452, 1012512, 381810, 722116, 29949, 53185, 51361, 25475
1077753, 1093307, 426612, 711347, 34343, 55047, 49459, 26070
1181195, 1012354, 421617, 704770, 30345, 49170, 54895, 29816
1072241, 1092198, 378429, 735188, 29369, 52174, 51979, 25524
1182104, 1011472, 380379, 734294, 29079, 51808, 54200, 26769
1074230, 1090408, 424183, 697688, 32352, 51908, 50658, 27363
1067247, 1125806, 378271, 729773, 33822, 63835, 40739, 21877
1190415, 990167, 420520, 723686, 38754, 60748, 44097, 21695
1065394, 1126845, 424088, 715151, 23054, 40825, 65356, 37697
1192992, 990015, 373215, 730374, 18573, 31015, 75537, 34903
1064216, 1123448, 409641, 723804, 40353, 70834, 33671, 19352
1192330, 986959, 415275, 716395, 41386, 63793, 38378, 19025
1065824, 1125051, 416540, 715140, 23025, 41002, 64315, 36996
1193589, 987260, 412472, 720968, 22555, 34584, 71370, 35756
1063833, 1123601, 396263, 717201, 33690, 60199, 43581, 24325
1193385, 990061, 422348, 721189, 40317, 61010, 42697, 21228
1063656, 1125591, 422950, 720256, 23763, 41903, 63982, 37173
1193293, 990356, 396138, 718942, 19943, 31415, 74759, 36177
1063978, 1126818, 400860, 709944, 30146, 55474, 48788, 27005
1190820, 988043, 410747, 737331, 30795, 46896, 58916, 29234
1063720, 1128953, 401796, 747094, 32488, 58282, 49092, 27661
1192996, 986900, 404210, 710534, 28014, 43736, 59610, 29227
1066252, 1126367, 399665, 704899, 24288, 44162, 59596, 33215
1194158, 988997, 400375, 729621, 25262, 39893, 66300, 32622
1066545, 1124112, 406012, 724927, 33557, 58688, 45677, 26306
1192883, 986426, 395498, 705573, 35269, 56345, 45980, 21893
1064951, 1124799, 409345, 724421, 28943, 51470, 53572, 30830
1190095, 984845, 422730, 705787, 31452, 48229, 55635, 28127
1064738, 1125788, 419241, 718185, 33908, 58784, 45882, 26694
1192678, 989815, 414805, 725366, 36538, 55859, 48512, 24105
1068272, 1124586, 402888, 727372, 28834, 52884, 52976, 29677
1192149, 991088, 420478, 724636, 33405, 51447, 54620, 26844
1067695, 1128959, 422119, 724613, 29504, 52072, 54215, 31393
1192402, 992733, 403073, 726033, 32380, 50869, 53872, 25754
1065164, 1127039, 396559, 733531, 36024, 64959, 40583, 22845
1193625, 988874, 416957, 708872, 39293, 60814, 42080, 20785
1064171, 1125957, 419564, 702687, 18433, 33608, 70925, 40805
1191271, 990029, 400948, 733134, 21199, 33277, 73487, 36563
1068086, 1130138, 375612, 743822, 39140, 73325, 31742, 17218
1193445, 988816, 431811, 696028, 43669, 66121, 35526, 17886
1070176, 1125857, 432561, 696431, 19611, 33724, 71209, 41331
1196091, 988972, 389260, 729581, 21563, 34159, 71669, 34436
1067766, 1124958, 403633, 745163, 32962, 58826, 47819, 27240
1193635, 992088, 424792, 699674, 37512, 57611, 45694, 23021
1066085, 1127309, 417444, 706829, 28678, 49966, 54984, 31288
1194750, 992808, 398115, 751289, 27377, 43592, 64275, 30940
1071832, 1128874, 397625, 730093, 33222, 59856, 45902, 25339
1195959, 995254, 393107, 710902, 34580, 56163, 47128, 22297
1069354, 1129942, 396671, 710115, 23864, 44719, 60728, 33241
1192297, 993069, 401755, 727438, 24897, 39657, 66345, 32908
1069159, 1123371, 411874, 736956, 29569, 52307, 54358, 30938
1190897, 987678, 405915, 706858, 27734, 43122, 60501, 29819
1065265, 1126530, 404790, 708921, 30092, 53661, 50817, 28593
1191680, 986309, 416388, 735690, 33950, 51392, 54218, 27042
1068234, 1123910, 421673, 723728, 29722, 52349, 54351, 30960
1193036, 991376, 402954, 725281, 29537, 47216, 57838, 28208
1066694, 1126456, 401914, 724306, 29731, 54665, 51166, 28379
1194570, 990979, 426148, 719289, 32978, 50048, 55233, 28035
1071880, 1129455, 421432, 700751, 26445, 46231, 58681, 33539
1194908, 995386, 402191, 745962, 29322, 45951, 60778, 29565
1070950, 1130193, 405848, 741678, 33786, 60026, 46884, 27019
1197305, 991668, 425128, 704047, 36877, 56956, 47062, 23535
1071976, 1128973, 413530, 720119, 32039, 56236, 49610, 27761
1192120, 993382, 409711, 724771, 35075, 54356, 49496, 24857
1071467, 1130665, 408699, 725532, 24424, 44068, 61996, 34717
1196110, 995080, 422142, 717683, 27294, 41129, 64649, 32818
1072478, 1127690, 418793, 714063, 23074, 41101, 64680, 36884
1195671, 993969, 405061, 723739, 23256, 36191, 69767, 34679
1071053, 1130765, 405402, 724575, 40258, 72078, 33223, 18829
1194510, 990510, 420678, 716176, 38629, 58768, 44581, 22463
1075600, 1126111, 427985, 720777, 22734, 39207, 66761, 38858
1195485, 992538, 399924, 714527, 22915, 35437, 69468, 33915
1071437, 1130336, 393201, 719602, 37350, 67628, 36789, 20575
1197364, 995883, 415042, 725009, 42079, 65515, 38754, 18958
1073776, 1132386, 411118, 710710, 20756, 38399, 68575, 37755
1196189, 992241, 397940, 734465, 21280, 34443, 72909, 35731
1074158, 1133015, 392140, 739492, 40955, 74404, 31564, 17670
1195740, 997838, 411004, 708810, 39343, 61520, 41157, 20431
1073087, 1128446, 432561, 706879, 24900, 42465, 63540, 37035
1196548, 997500, 378489, 723655, 20775, 34184, 71494, 33721
1073247, 1132148, 371708, 727877, 34662, 66231, 39134, 20692
1196542, 992348, 419752, 719900, 36266, 55930, 49216, 24364
1073578, 1131064, 418147, 715853, 25245, 44769, 61788, 35440
1198410, 995468, 377919, 743842, 19133, 31447, 76438, 35958
1073848, 1131247, 382072, 737237, 39261, 72938, 32391, 17768
1196026, 992818, 424274, 699216, 44528, 68396, 33692, 16692
