1229491, 1055704, 549418, 750978, 41950, 50085, 65357, 47172
1105469, 1182071, 596353, 717886, 40073, 54567, 63634, 51434
1229721, 1059547, 603977, 701172, 52502, 62852, 53972, 38656
1099257, 1185422, 541056, 764278, 49656, 67093, 49000, 40717
1230927, 1048429, 569730, 745001, 44584, 52650, 63648, 45487
1094733, 1185281, 578283, 731552, 42133, 57253, 59086, 48725
1231105, 1045584, 581051, 731807, 49962, 59696, 57263, 40472
1095355, 1182336, 566669, 742114, 47762, 64673, 52106, 42617
1229773, 1040245, 561969, 746177, 52673, 62303, 52941, 38007
1098101, 1184041, 583980, 729362, 50042, 68152, 49840, 40789
1231355, 1050447, 585043, 728515, 39661, 47790, 69838, 50072
1104767, 1186311, 563877, 745887, 39260, 52767, 63140, 51878
1230625, 1055667, 586890, 712607, 75464, 90195, 22972, 16645
1101947, 1186276, 564731, 755583, 61566, 83406, 35063, 29339
1233611, 1062256, 563063, 751821, 26949, 32714, 86752, 62517
1113753, 1185458, 583534, 717429, 27247, 37370, 78867, 63850
1232179, 1069549, 577655, 728768, 66372, 79534, 35662, 25758
1125007, 1190413, 570232, 750110, 58303, 77679, 41426, 33563
1237185, 1073971, 568910, 747653, 31324, 37439, 81193, 59059
1125146, 1192519, 577071, 730501, 30758, 42363, 74624, 60858
1236470, 1070059, 566875, 754752, 44999, 54037, 64302, 46259
1119891, 1191346, 589371, 725325, 42673, 57747, 60334, 49888
1238690, 1070014, 590509, 729080, 50788, 60570, 56792, 40749
1110918, 1189192, 563938, 757909, 49073, 66687, 52058, 42016
1234778, 1050944, 562584, 753658, 50527, 60751, 55506, 39948
1106927, 1187342, 583648, 727146, 46980, 63884, 54262, 44425
1236257, 1055154, 587186, 729667, 45086, 54709, 63151, 45180
1106685, 1186721, 561680, 755152, 40367, 54446, 63081, 51266
1232276, 1055499, 551804, 766351, 26271, 31796, 86746, 62971
1104168, 1187605, 594200, 713091, 25479, 35030, 81909, 66353
1235309, 1053616, 594551, 710780, 68311, 80806, 33577, 24381
1111119, 1191001, 560082, 762577, 61548, 82828, 35818, 29675
1236742, 1063834, 539737, 782870, 22058, 26713, 93120, 67038
1114657, 1188489, 608554, 703473, 25871, 36041, 82389, 66625
1233078, 1068294, 598180, 717287, 62665, 75828, 41100, 29912
1118559, 1190108, 540630, 778746, 63343, 85649, 33133, 26945
1234587, 1061699, 563881, 755493, 36966, 44715, 73657, 52814
1104493, 1188883, 603353, 706880, 23948, 33455, 83316, 68397
1230780, 1052876, 603232, 706598, 68274, 81635, 33113, 24059
1108300, 1188179, 552983, 772513, 62070, 84352, 35054, 28753
1232291, 1059673, 566345, 751876, 25431, 30891, 88907, 63866
1113750, 1188279, 577108, 729543, 29745, 40616, 76137, 61711
1234618, 1066310, 582498, 726584, 62868, 74843, 40670, 29285
1115355, 1187470, 565918, 756095, 64346, 87006, 32148, 26578
1233516, 1061281, 566057, 754559, 28759, 34891, 84411, 61095
1104056, 1187074, 585831, 724297, 24669, 33700, 83291, 66489
1233916, 1051556, 580977, 727589, 66676, 79665, 35243, 25573
1100388, 1186174, 562457, 752411, 66018, 88989, 28528, 23970
1231997, 1059372, 599633, 716671, 47407, 56850, 60596, 44281
1106930, 1186695, 562590, 754278, 40705, 55246, 62043, 50451
1232541, 1057292, 568537, 746508, 54467, 64887, 51711, 37037
1110471, 1188436, 595800, 719990, 46630, 62981, 55010, 45427
1237358, 1053457, 597703, 708306, 67126, 79601, 35234, 25459
1105808, 1188334, 554588, 767279, 61229, 82152, 35934, 29321
1231771, 1043978, 551342, 769219, 27164, 32962, 85885, 62282
1091289, 1185000, 594366, 712762, 29130, 40449, 76239, 62361
1229749, 1040472, 590522, 720487, 55537, 66458, 49220, 35594
1088409, 1185379, 563442, 752337, 47995, 64838, 52436, 42724
1234280, 1045499, 558839, 759935, 39076, 47255, 70327, 51161
1096008, 1186896, 589821, 715331, 37739, 50684, 65584, 53612
1232719, 1054100, 580319, 731381, 52641, 63298, 53202, 37938
1106106, 1189364, 571114, 744765, 48053, 65310, 52402, 43395
1234036, 1059222, 569911, 748351, 46064, 55321, 61790, 45661
1108401, 1188886, 582074, 733748, 42790, 57836, 59766, 48787
1235137, 1063343, 584541, 730986, 43067, 51876, 66556, 47710
1112059, 1189333, 565518, 746967, 41141, 55630, 60914, 50456
1238654, 1065992, 566509, 748494, 51108, 61426, 55809, 40123
1112042, 1194096, 585685, 731310, 51411, 69791, 49219, 40376
1237232, 1063752, 595075, 718268, 66107, 79854, 36620, 26298
1113082, 1187227, 556130, 768819, 61426, 82466, 35793, 29376
1237995, 1072129, 559621, 762461, 30621, 36529, 82629, 59872
1123572, 1192411, 601200, 714261, 29252, 39587, 77983, 63281
1236207, 1074949, 608614, 713123, 56422, 67660, 50235, 36098
1121861, 1191690, 543451, 773114, 49589, 66975, 50873, 41870
1236281, 1072194, 545819, 768433, 39595, 47293, 70327, 50514
1122041, 1191800, 604596, 714259, 41594, 55816, 62850, 50998
1238864, 1069666, 611871, 695315, 69914, 83700, 32139, 23188
1119897, 1193160, 536502, 779814, 65268, 87747, 30444, 24964
1236249, 1059229, 535456, 784094, 21284, 25896, 93133, 67228
1102597, 1187210, 611286, 697015, 23983, 32991, 84128, 68020
1096652, 1201555, 547673, 756805, 64393, 83542, 32639, 26625
1236464, 1043727, 602209, 711315, 65180, 80572, 35631, 26489
1111368, 1202516, 593194, 723695, 34428, 45738, 74057, 58271
1237424, 1043472, 553694, 755510, 30668, 38354, 78251, 58570
1092029, 1198573, 568013, 744122, 43406, 57408, 61144, 47678
1233675, 1035742, 580059, 729918, 44777, 55497, 60651, 45128
1092163, 1197490, 580792, 730267, 47215, 60982, 56127, 44426
1231803, 1034066, 569735, 747433, 48821, 60603, 56244, 41509
1104685, 1201107, 562148, 744399, 54281, 69577, 47511, 38172
1235135, 1047400, 582723, 730581, 51912, 65634, 52316, 38170
1103787, 1201207, 586091, 731553, 39286, 51335, 68227, 52698
1234814, 1043999, 562648, 745353, 37475, 45706, 70277, 52652
1110809, 1199645, 579691, 721525, 48212, 61099, 55228, 44702
1236358, 1050838, 561141, 755874, 39242, 50362, 68111, 50643
1103957, 1199834, 563500, 757783, 47564, 63144, 57253, 43886
1239154, 1045721, 578833, 724160, 47265, 57958, 57043, 43166
1108542, 1200930, 572228, 728126, 58263, 73426, 42080, 34261
1241671, 1050862, 567989, 749198, 52969, 67082, 51477, 36879
1116823, 1205542, 565366, 753987, 43666, 58202, 62330, 47912
1238091, 1053665, 575959, 727531, 37226, 45258, 70298, 53376
1119209, 1202224, 572727, 749503, 57248, 73789, 45553, 36529
1238359, 1057640, 590951, 722889, 61513, 75659, 41033, 30533
1123130, 1202404, 587231, 727704, 31244, 41716, 78012, 61290
1234732, 1065219, 554587, 768657, 22585, 27948, 91354, 67510
1130514, 1201983, 569873, 750299, 61854, 80319, 37892, 31189
1241565, 1067460, 602648, 717094, 73780, 91184, 26660, 19074
1131015, 1207689, 597082, 722697, 24056, 32767, 88655, 68664
1238306, 1065040, 569594, 752087, 34707, 42485, 75286, 56866
1124165, 1200854, 557304, 761290, 48182, 62992, 56636, 43731
1235863, 1061760, 597763, 715976, 48324, 58792, 57291, 43723
1128785, 1201338, 594897, 710510, 40993, 52594, 65598, 52443
1238518, 1062907, 555023, 769357, 41504, 52673, 66854, 48855
1123384, 1203702, 542994, 770444, 61535, 80527, 38602, 30016
1232450, 1060856, 617303, 687611, 69051, 85163, 29908, 23361
1119838, 1201539, 613046, 694118, 25796, 33416, 85379, 66944
1235287, 1053607, 533635, 784028, 22456, 29472, 90090, 66187
1115108, 1201584, 551593, 768333, 61692, 81030, 39011, 30166
1234901, 1054979, 599929, 708077, 62361, 76239, 39102, 29931
1121460, 1201179, 605907, 703135, 29312, 37310, 81554, 63803
1237140, 1056290, 549917, 779539, 25000, 32232, 88417, 65355
1124708, 1200136, 569801, 750741, 38037, 50816, 70212, 53326
1233635, 1061771, 578959, 725689, 42721, 52667, 63132, 48074
1124605, 1199035, 577688, 727701, 53661, 68503, 48444, 39171
1236672, 1063732, 567895, 747379, 52851, 66670, 51670, 37834
1131003, 1204915, 558475, 758843, 52060, 69842, 51193, 39038
1240279, 1067628, 577621, 730546, 44953, 54684, 62158, 46951
1128121, 1202335, 584417, 723476, 45555, 58675, 59400, 47522
1236359, 1068808, 570027, 751825, 45231, 57059, 61938, 44892
1130842, 1199964, 593876, 724601, 29782, 40053, 80579, 62687
1239124, 1067494, 565127, 754323, 32591, 40087, 78224, 58322
1124656, 1203041, 563859, 755666, 62286, 80098, 38253, 30791
1239734, 1064552, 593925, 720087, 68953, 85517, 31380, 22965
1127854, 1200531, 610094, 697703, 26676, 33480, 84378, 67204
1234964, 1066995, 554592, 772262, 28469, 36571, 83423, 62019
1135298, 1204643, 537059, 789863, 71994, 95265, 25740, 19755
1237600, 1069691, 606412, 705117, 64817, 78195, 37072, 28447
1131928, 1202082, 595183, 726268, 28851, 38354, 82342, 63987
1237173, 1063002, 561266, 764588, 26275, 32920, 87067, 63848
1132173, 1205364, 557097, 772994, 71314, 93282, 27301, 21642
1236687, 1063814, 591655, 724928, 59378, 72688, 44087, 32409
1124320, 1201233, 583062, 732184, 48280, 62483, 56004, 44912
1237826, 1064162, 573046, 748206, 51070, 63332, 54291, 40950
1123990, 1203705, 570902, 746596, 43285, 56393, 62722, 49429
1232349, 1061064, 583637, 732381, 42743, 51986, 64977, 48999
1122321, 1198122, 585192, 730772, 41097, 54228, 65629, 51278
1238155, 1056237, 565789, 750324, 37863, 46404, 70628, 52741
1121457, 1199480, 564429, 748384, 54463, 70237, 47864, 38095
1235131, 1057111, 587198, 731065, 51611, 64189, 53496, 39174
1124299, 1199016, 594128, 709923, 41048, 52835, 65103, 51360
1239477, 1062239, 554581, 773368, 40470, 50839, 68447, 50336
1115043, 1197932, 556971, 765025, 50996, 66716, 53299, 40919
1229458, 1045202, 596776, 713317, 53366, 65064, 49710, 38277
1124226, 1201777, 606801, 713119, 27022, 35452, 85256, 66319
1237653, 1061826, 555364, 756609, 32247, 39659, 77682, 57678
1124273, 1199245, 544006, 769914, 69198, 89834, 28553, 22777
1230936, 1063386, 606959, 709805, 66161, 81656, 34689, 26054
1123857, 1202462, 618480, 689780, 24051, 30397, 87721, 70649
1238616, 1065036, 544534, 775146, 27940, 35924, 83137, 61384
1128108, 1201966, 542610, 784255, 65679, 86127, 33714, 26332
1238534, 1058356, 619052, 691142, 69592, 83956, 31025, 24190
1236167, 1059024, 549170, 767182, 26755, 33087, 84781, 63034
1112915, 1198146, 603508, 710885, 25434, 33504, 86364, 66317
1236807, 1053972, 599515, 712963, 65706, 81582, 35076, 26116
1110408, 1201461, 548057, 766863, 68721, 88111, 29524, 23455
1233551, 1043658, 572491, 748096, 49163, 61766, 56000, 41682
1099798, 1200864, 581873, 734265, 48396, 62112, 56187, 44942
1231707, 1037195, 581827, 733040, 42020, 51911, 63664, 48062
1105972, 1199151, 571672, 746398, 42793, 55255, 63411, 49257
1235855, 1043910, 562004, 744757, 39264, 48744, 67280, 50321
1111895, 1202640, 587073, 735646, 40377, 52944, 67376, 52175
1233218, 1055525, 589558, 735608, 52020, 65532, 52893, 38995
1121777, 1201655, 566822, 748742, 53130, 68286, 49625, 39647
1235486, 1058979, 581603, 732878, 45061, 54631, 61581, 46937
1121115, 1200887, 554666, 771659, 55899, 75070, 46665, 35389
1235364, 1062986, 565698, 762005, 42392, 53315, 66113, 47913
1122552, 1202411, 580244, 724558, 46421, 59182, 57652, 46658
1235041, 1051327, 580586, 725465, 44535, 53581, 61665, 46391
1118315, 1201917, 567951, 749684, 40606, 54276, 66355, 51139
1235258, 1050856, 568078, 751882, 53146, 68173, 50662, 36635
1116816, 1199181, 578247, 728481, 59106, 75045, 41091, 34176
1232369, 1048168, 550739, 768619, 20557, 25703, 92687, 68882
1108585, 1197048, 593912, 719175, 28330, 36814, 82021, 64117
1237721, 1044218, 589709, 724288, 61529, 76056, 39885, 30044
1111168, 1200450, 562155, 763567, 66085, 85099, 34347, 26828
1233614, 1056129, 569527, 748976, 31212, 38400, 78975, 60265
1118567, 1205295, 589277, 727129, 28300, 37720, 82763, 64163
1236113, 1048618, 595205, 718530, 71960, 89306, 27171, 19624
1105535, 1194729, 564338, 753836, 63632, 81349, 35802, 29104
1231698, 1036827, 558670, 752771, 43502, 55018, 61769, 45488
1102452, 1199890, 593815, 713996, 40671, 52047, 65125, 51451
1229108, 1048333, 593904, 711668, 50768, 61997, 53129, 40451
1111121, 1199598, 555236, 763480, 51219, 67287, 51775, 40651
1236164, 1052499, 544623, 777535, 26530, 34061, 85322, 62596
1111494, 1199009, 595724, 716437, 34586, 44389, 74396, 57859
1235361, 1048846, 605080, 701262, 63199, 77041, 37985, 29077
1110689, 1201277, 541943, 772475, 64479, 84121, 35000, 26931
1234513, 1052102, 556130, 767799, 30516, 38890, 80662, 59769
1111778, 1198512, 606343, 695973, 26951, 33649, 83615, 66084
1234216, 1046530, 603205, 702246, 65330, 78899, 35220, 27160
1107589, 1198817, 556424, 760641, 59407, 78004, 40678, 32031
1235451, 1044914, 561491, 746238, 50483, 63991, 53231, 38543
1115127, 1199377, 577189, 727603, 56553, 71037, 45083, 36839
1233437, 1048009, 574324, 727292, 41685, 50230, 64733, 48940
1105520, 1200463, 564339, 748960, 38040, 51947, 68735, 52427
1234824, 1045738, 563417, 754118, 41528, 52755, 66130, 48065
1109958, 1198986, 579899, 724192, 45621, 58366, 58696, 46939
1232256, 1050193, 581678, 722349, 47985, 58311, 56746, 43558
1117566, 1197962, 565498, 754572, 50886, 66286, 53700, 40990
1236480, 1055834, 590505, 718585, 66523, 83016, 34090, 24920
1122627, 1203357, 565434, 745613, 61255, 78309, 39265, 31345
1234606, 1062788, 563246, 750966, 28958, 34763, 82151, 61600
1127555, 1200299, 591313, 721211, 25887, 34690, 85988, 66343
1236841, 1063899, 609257, 696773, 67459, 82323, 32864, 25708
1126241, 1204346, 560345, 759250, 57095, 75129, 44900, 34904
1238607, 1057586, 551065, 769940, 28329, 36491, 82726, 61063
1117913, 1202940, 595992, 709183, 33034, 42552, 75647, 59365
1235963, 1049403, 591108, 718527, 63315, 77871, 38286, 28994
1115883, 1198799, 565146, 756390, 65661, 83496, 35123, 27508
1240541, 1056801, 562162, 756914, 26653, 32904, 85601, 63118
1127231, 1202420, 598199, 718436, 28189, 36493, 83356, 65379
1238860, 1064876, 584917, 731054, 43963, 54321, 63154, 47351
1126112, 1202675, 569691, 743070, 41158, 54019, 65387, 50999
1237633, 1061930, 568321, 749538, 48334, 61419, 56592, 42199
1124565, 1201504, 583082, 732341, 48785, 63404, 55844, 44025
1230823, 1055247, 583574, 728209, 50848, 64259, 53359, 39150
1118006, 1200226, 563341, 745730, 54180, 68922, 48222, 37924
1234124, 1062685, 563884, 745823, 38675, 46589, 69327, 52647
1124386, 1201779, 586059, 729341, 41389, 54308, 65278, 51191
1234559, 1061941, 594030, 711077, 50143, 61124, 54661, 41743
1125479, 1201531, 553302, 763215, 49419, 65134, 54430, 42174
1234340, 1061513, 553676, 764727, 43975, 55609, 63014, 45650
1123466, 1200436, 595652, 712960, 43698, 55953, 62152, 49596
1237502, 1061522, 598378, 712780, 61618, 75638, 40407, 30501
1127058, 1199935, 556901, 751269, 61654, 78909, 38539, 30796
1231889, 1063384, 548551, 757592, 28652, 35209, 81318, 61101
1124298, 1200684, 597961, 716143, 30840, 40912, 79022, 61451
1238305, 1064521, 617679, 691990, 68363, 83455, 31765, 24876
1128870, 1200377, 542080, 775251, 63217, 82518, 36557, 28111
1236025, 1061537, 540215, 776255, 26408, 33447, 85619, 62881
1127276, 1198959, 607977, 700127, 29610, 37730, 80633, 63819
1123165, 1188128, 549423, 762474, 47596, 64284, 52912, 43284
1234307, 1070311, 600515, 716673, 52471, 63206, 54866, 39640
1112465, 1185991, 606537, 701165, 36595, 48976, 68527, 55005
1234278, 1059450, 549691, 753696, 41248, 49941, 66802, 48320
1108146, 1188226, 565905, 748316, 47111, 63525, 53967, 43806
1234095, 1061209, 581740, 733803, 49726, 60177, 57990, 41104
1115026, 1181360, 583128, 734260, 39668, 54037, 64240, 52178
1231801, 1057139, 566983, 745579, 44221, 52668, 64139, 46592
1105131, 1183016, 562070, 745035, 37609, 50747, 65548, 52944
1234248, 1054325, 584729, 729851, 43720, 52871, 64791, 46720
1104848, 1185570, 584315, 730989, 48799, 65757, 52106, 42032
1235215, 1054154, 560757, 743786, 50965, 61116, 54620, 39638
1101005, 1185183, 582083, 719106, 24809, 34004, 81604, 66174
1232051, 1052297, 559940, 759281, 23875, 28861, 90730, 65369
1106146, 1187027, 572033, 747015, 57388, 77486, 41244, 33623
1230719, 1059890, 576910, 724591, 64912, 78025, 36349, 26755
1116814, 1186570, 575572, 724659, 26969, 36983, 79525, 64301
1231062, 1058594, 564319, 747071, 33519, 40252, 77883, 56579
1111661, 1186857, 565398, 745526, 63485, 84404, 33542, 27082
1229625, 1064505, 573332, 721579, 63019, 76250, 37881, 27493
1108097, 1188300, 564197, 745359, 45433, 61508, 55992, 45299
1231570, 1057171, 583397, 723872, 51285, 62393, 53916, 39686
1107243, 1185845, 587169, 722436, 38719, 52425, 64966, 52933
1234744, 1060901, 553969, 761525, 38265, 46218, 72313, 51735
1109148, 1187070, 563823, 747467, 38868, 52127, 65120, 52130
1230912, 1061791, 587455, 719758, 44931, 54126, 63032, 45522
1113898, 1189761, 595139, 714152, 46154, 62294, 55202, 45357
1233221, 1063014, 560371, 752286, 54449, 65046, 51377, 37014
1118211, 1188600, 557678, 767432, 63651, 85360, 33100, 27700
1233944, 1071028, 596509, 707360, 67480, 80302, 34967, 24899
1118613, 1190576, 594004, 713210, 25061, 34366, 82821, 66862
1232610, 1064998, 550997, 765937, 29603, 35580, 83035, 60566
1111232, 1184541, 541964, 765368, 60440, 80402, 36498, 29934
1234972, 1064115, 599822, 707390, 61321, 74455, 42315, 30406
1111717, 1186028, 611986, 687434, 21088, 29373, 88392, 70724
1235425, 1067760, 547039, 761046, 31747, 38881, 79695, 57330
1117653, 1188078, 542498, 779868, 66860, 90302, 29179, 23602
1236208, 1068046, 598678, 703900, 66791, 80100, 35214, 25597
1124149, 1185758, 603069, 703286, 24170, 33028, 84436, 67923
1231833, 1072274, 548435, 775825, 25636, 31081, 88735, 64368
1121225, 1188372, 568131, 748957, 56831, 76143, 42443, 34962
1232162, 1072190, 576023, 725303, 66459, 79733, 34907, 25291
1124332, 1187679, 579663, 722159, 31217, 42052, 73858, 60495
1234425, 1072598, 566359, 752275, 22943, 27547, 92176, 66718
1124337, 1188969, 569791, 750686, 60418, 81799, 37398, 30587
1233764, 1073653, 584033, 722172, 67909, 80622, 34647, 24961
1125074, 1185317, 590269, 716829, 20447, 27921, 88575, 72068
1236142, 1075567, 560954, 760092, 27759, 33181, 87074, 62424
1117178, 1184306, 589526, 718913, 49666, 66637, 50680, 41495
1228834, 1066992, 564340, 750889, 52056, 61945, 54401, 39181
1119850, 1189454, 564175, 753900, 34277, 46837, 71259, 57414
1231463, 1067849, 599094, 716109, 47155, 56322, 61346, 44571
1120630, 1189295, 585889, 724733, 35817, 48833, 68929, 55935
1232675, 1067907, 545686, 777969, 23785, 28634, 91452, 65698
1112580, 1188023, 537860, 785756, 70057, 94494, 24677, 20234
1233742, 1058137, 598878, 707416, 67290, 80818, 34346, 24861
1111706, 1186221, 589536, 718905, 39481, 53981, 63392, 51567
1234303, 1050333, 550987, 765160, 35071, 42252, 75297, 54296
1095297, 1184402, 560848, 756943, 48396, 65730, 51887, 42436
1235888, 1054420, 586891, 722692, 50773, 60818, 55355, 39863
1108544, 1184386, 579757, 733649, 40384, 54208, 63080, 50613
1235146, 1061956, 567909, 748355, 43862, 52968, 65316, 46660
1107806, 1186210, 570733, 742395, 45539, 61487, 55897, 45804
1235444, 1054966, 583665, 731430, 47707, 57620, 60054, 42836
1108799, 1188395, 583409, 728954, 47796, 64343, 52923, 43820
1236225, 1065176, 563519, 744001, 51848, 62181, 54442, 39440
1117884, 1187324, 564542, 746997, 39692, 53911, 63325, 51308
1234305, 1069066, 586734, 732816, 46103, 55027, 62705, 45513
1116029, 1187122, 591608, 718572, 28947, 39779, 77355, 62431
1233030, 1073358, 553280, 765123, 29606, 35681, 82982, 60229
1113655, 1187206, 553178, 759436, 62368, 84514, 33482, 27844
1231900, 1064938, 593292, 713031, 65368, 78430, 36632, 26912
1113815, 1189075, 599174, 710336, 41737, 56355, 61498, 50029
1232827, 1069134, 542377, 768419, 36650, 44112, 73438, 53256
1118837, 1186724, 540882, 774992, 53616, 71756, 45252, 37410
1231054, 1069336, 600728, 712258, 51805, 62503, 54980, 40066
1118789, 1188919, 614332, 688295, 20822, 28910, 87955, 71534
1233553, 1067096, 556534, 760655, 34910, 41807, 76754, 54859
1112181, 1185711, 533579, 780158, 66751, 91151, 26967, 22331
1235365, 1061915, 606454, 700528, 69370, 82819, 32290, 23393
1175585, 1125920, 550258, 752551, 55247, 68897, 47830, 35366
1167982, 1125406, 600856, 707754, 49822, 63802, 53449, 42318
1175754, 1129678, 596758, 710128, 48835, 60590, 56854, 43319
1162299, 1124909, 551533, 749112, 40664, 53004, 62859, 49328
1172501, 1126872, 568961, 743602, 30844, 38258, 79428, 60210
1171669, 1131594, 579452, 730188, 31498, 40958, 76622, 59407
1178430, 1131956, 583455, 734488, 67865, 84608, 33204, 24738
1181212, 1136657, 568862, 748094, 61357, 78286, 39714, 31426
1183803, 1135651, 564578, 749052, 43952, 54539, 62782, 47597
1173768, 1129625, 583423, 728694, 44595, 58236, 59321, 46678
1176383, 1129727, 584221, 729637, 50661, 63516, 55109, 40846
1166088, 1123381, 560903, 743733, 45630, 58404, 57056, 45319
1173734, 1126675, 582132, 714402, 57036, 69446, 44674, 34773
1166194, 1124689, 557951, 756403, 55189, 73218, 45703, 34405
1175323, 1129725, 563203, 753493, 41817, 53713, 65304, 48960
1174954, 1132663, 579427, 724885, 36968, 46655, 69338, 54846
1181833, 1134511, 577818, 725730, 65400, 81119, 34771, 26964
1178379, 1137585, 567853, 751232, 67586, 87189, 31194, 24005
1183916, 1137512, 569410, 746733, 19649, 25928, 94916, 71131
1178146, 1132050, 579260, 726710, 25487, 32441, 83854, 65724
1182069, 1133057, 561020, 757858, 65229, 81387, 36492, 27183
1176940, 1134294, 591079, 719507, 61238, 77433, 39716, 31835
1179831, 1133648, 592194, 721139, 29963, 36415, 82076, 62326
1173706, 1130226, 553995, 765663, 22284, 30931, 89004, 67428
1175369, 1131571, 564553, 744343, 58905, 73108, 43305, 32849
1168058, 1127121, 586850, 724753, 63610, 81996, 35501, 28062
1175051, 1131278, 588725, 722911, 29551, 36781, 81327, 62014
1176133, 1131213, 562584, 752023, 23849, 31776, 86717, 67437
1177299, 1131487, 556603, 761989, 25952, 33644, 85820, 64004
1174465, 1129127, 590542, 714809, 23751, 30603, 86559, 67571
1177034, 1131325, 590588, 715188, 65409, 80627, 34792, 27453
1168689, 1129153, 555853, 760246, 67313, 87322, 30617, 23361
1167263, 1122187, 549266, 753946, 41363, 52389, 64510, 47948
1159350, 1117874, 604616, 698879, 38998, 49367, 66257, 52766
1163481, 1115936, 601033, 700404, 52401, 63567, 51536, 39535
1156399, 1117279, 535909, 771073, 51447, 68584, 48741, 36969
1164153, 1119496, 550607, 767028, 48572, 61993, 57534, 41290
1164991, 1123001, 600571, 699531, 40509, 50582, 64036, 51063
1168052, 1122126, 592655, 706429, 46290, 57028, 58456, 44899
1160095, 1119549, 551283, 766542, 43203, 57498, 61225, 46760
1161281, 1116601, 564230, 743168, 15080, 19989, 98392, 73277
1158493, 1119145, 569595, 725348, 23095, 30457, 84608, 66464
1165159, 1119705, 574521, 722970, 66678, 82534, 31364, 24316
1164604, 1124304, 565730, 746790, 65238, 84262, 32781, 25478
1170040, 1125198, 562567, 751244, 39035, 49669, 68603, 51017
1169443, 1128921, 578205, 725382, 33992, 43111, 72798, 57707
1178789, 1133071, 578895, 726155, 59828, 73445, 42676, 32969
1171558, 1128670, 561506, 751547, 52311, 69163, 49493, 38179
1176470, 1132294, 589163, 721065, 24218, 30426, 89261, 67312
1174915, 1132735, 559476, 751820, 22463, 30018, 87948, 68837
1179796, 1135473, 561937, 747047, 61014, 76697, 40713, 30753
1178320, 1134722, 593011, 717814, 60865, 77936, 39830, 31243
1185908, 1138499, 601836, 705875, 46863, 57136, 59725, 46653
1175661, 1131398, 549872, 777101, 42698, 56873, 63532, 47868
1177722, 1130829, 543760, 777989, 48962, 63713, 56359, 40597
1177468, 1135154, 601455, 706455, 46188, 57438, 58765, 47440
1178487, 1134088, 592872, 717029, 29446, 36354, 81419, 62457
1173548, 1134949, 559105, 757321, 27732, 37893, 81558, 62715
1177787, 1133684, 557031, 757559, 65511, 82912, 34919, 25935
1177819, 1133272, 592735, 718743, 61581, 78268, 38795, 31362
1180475, 1133746, 580941, 731632, 69351, 87689, 30526, 22727
1175524, 1133241, 570725, 749997, 61411, 79706, 38494, 30638
1177659, 1131124, 567683, 739469, 29064, 36556, 81496, 61685
1172473, 1129278, 578406, 728563, 29392, 38809, 80154, 61467
1170683, 1124528, 582740, 726920, 48975, 61290, 56751, 41925
1162069, 1124935, 561978, 742596, 46625, 59614, 55973, 44604
1170102, 1123881, 565240, 744187, 45272, 55841, 60603, 46027
1169751, 1127512, 583371, 727879, 41631, 54829, 63795, 49004
1177349, 1129394, 592608, 713251, 64929, 81261, 35042, 27375
1171638, 1131040, 554595, 763418, 64237, 84135, 34257, 26416
1178056, 1130355, 553962, 760150, 24949, 32068, 87343, 65065
1171845, 1128258, 587885, 719297, 27578, 35835, 81536, 63692
1177843, 1131068, 600136, 712250, 44291, 55377, 63002, 47900
1173585, 1131222, 541071, 764766, 40182, 52884, 64770, 49846
1175656, 1129586, 547829, 753569, 54432, 68243, 48403, 36146
1168806, 1130130, 595576, 716125, 47106, 60171, 57111, 45345
1172856, 1126112, 605976, 694250, 55557, 67276, 47640, 37420
1165125, 1126718, 540846, 774635, 51704, 67824, 49808, 38275
1172029, 1130373, 546145, 767253, 39633, 50977, 67576, 50156
1165388, 1127660, 602142, 702000, 37752, 48321, 68181, 54135
1162920, 1096791, 548900, 751026, 30618, 41919, 73333, 57798
1157767, 1128357, 602876, 704609, 33023, 39369, 77802, 58832
1164745, 1099707, 599292, 712435, 58849, 76407, 38327, 31820
1158262, 1126588, 541030, 763346, 64422, 79425, 36173, 25852
1170048, 1100847, 565302, 743894, 38252, 51317, 64498, 51613
1152526, 1124555, 581947, 725580, 36736, 43786, 72641, 54382
1171096, 1100946, 581788, 728990, 49003, 64532, 50720, 41278
1157842, 1129832, 568002, 744909, 55567, 67961, 48457, 35419
1169628, 1101964, 563439, 743769, 26563, 35882, 79927, 63358
1158165, 1129743, 586418, 732538, 18437, 22593, 96905, 71459
1172037, 1109833, 585447, 732868, 63308, 83167, 33519, 27437
1162832, 1133276, 568113, 748578, 64392, 78527, 37923, 27732
1172799, 1107131, 580407, 724469, 26094, 34283, 80120, 64293
1158502, 1129725, 562567, 750522, 33302, 41769, 77088, 56444
1168101, 1101244, 568519, 747196, 61318, 80658, 36213, 28461
1155348, 1126440, 576966, 720491, 57220, 68988, 45938, 33833
1165015, 1098526, 573972, 725111, 30413, 40360, 73573, 59073
1154901, 1128258, 566192, 744690, 30135, 38023, 80216, 58872
1166717, 1099341, 567322, 746115, 56433, 74835, 41325, 33055
1164310, 1132971, 573406, 728210, 59995, 72258, 42827, 31555
1173212, 1105251, 571335, 744304, 42253, 56466, 60406, 48054
1166734, 1136457, 598272, 711917, 47071, 56926, 59778, 45052
1176597, 1109988, 597467, 721264, 48258, 63049, 53779, 43606
1161291, 1132263, 573689, 742068, 45852, 56131, 61475, 45456
1163678, 1095399, 559302, 751455, 25368, 35060, 80834, 63729
1149737, 1122644, 587738, 721187, 30582, 36711, 80523, 59577
1163822, 1091961, 581540, 726796, 54815, 71496, 43523, 34863
1153255, 1126647, 566248, 741227, 55108, 67552, 47902, 35818
1165838, 1097269, 550503, 760470, 44036, 60033, 56657, 44086
1161053, 1131795, 590874, 710151, 48677, 58356, 57434, 43268
1167620, 1101457, 587447, 716382, 40839, 53687, 61865, 49278
1157534, 1127501, 554153, 761346, 44528, 54766, 62936, 45604
1170720, 1103060, 544679, 768245, 39256, 53491, 64048, 49704
1160914, 1130861, 606436, 696629, 42005, 50453, 65817, 50117
1170243, 1100999, 604799, 696344, 51494, 65702, 48907, 39814
1164624, 1133408, 542030, 773043, 49571, 62624, 56074, 40079
1176625, 1110984, 538866, 789775, 45076, 62754, 57033, 43557
1165281, 1133243, 607586, 692885, 53193, 63083, 51713, 39807
1174155, 1106970, 599872, 710486, 40057, 51633, 64066, 51598
1167473, 1134661, 559861, 753490, 43189, 53262, 65124, 47380
1174138, 1111338, 569080, 747064, 62336, 82411, 34885, 27886
1158549, 1129655, 573030, 728211, 61518, 74019, 40354, 30143
1167584, 1096809, 574417, 723842, 28581, 37325, 77279, 61393
1155659, 1126846, 565089, 742858, 30942, 38615, 79229, 58111
1168598, 1099033, 563704, 754514, 58961, 77981, 39126, 30667
1156923, 1125116, 585295, 714567, 64755, 77849, 36023, 27241
1168044, 1101368, 579691, 727031, 27063, 36412, 78976, 63070
1159447, 1129533, 562954, 757930, 30194, 37929, 81698, 59413
1174076, 1104184, 589044, 725548, 63211, 82624, 34474, 27670
1161565, 1133459, 560930, 750946, 60224, 74332, 42059, 30892
1167342, 1097470, 559739, 748908, 29167, 39706, 76414, 59810
1152396, 1125209, 591962, 713553, 28081, 33903, 83982, 62526
1165480, 1096719, 595554, 707260, 37717, 48983, 65206, 53128
1152425, 1123736, 560901, 756378, 43533, 54189, 63189, 46360
1167517, 1101813, 541323, 778890, 47143, 64352, 53990, 41601
1160199, 1129068, 597702, 700152, 54686, 65210, 49186, 37474
1172153, 1103601, 589776, 715168, 43401, 56178, 58897, 47712
1163119, 1133582, 562431, 754955, 49563, 61105, 57157, 41899
1171746, 1104471, 556170, 764771, 38632, 51947, 65504, 51218
1158929, 1129117, 598743, 708337, 43217, 51795, 64661, 48253
1166726, 1101101, 580382, 729093, 48993, 64559, 51020, 41398
1163371, 1134730, 568233, 745382, 53474, 66338, 51383, 38012
1171464, 1107704, 571849, 746099, 36483, 49163, 68045, 53596
1156964, 1127610, 579610, 729138, 40879, 49619, 67762, 49784
1165490, 1095924, 584689, 729927, 61839, 80892, 35091, 28329
1156413, 1128709, 563509, 743434, 62939, 76929, 38773, 28263
1164469, 1096135, 563384, 743653, 21305, 29349, 86040, 68370
1153051, 1126595, 584354, 726563, 27788, 33513, 84386, 62643
1167350, 1098077, 589394, 715508, 40965, 52785, 61658, 49928
1151011, 1126607, 552663, 756027, 47012, 58823, 58444, 42305
1165470, 1099240, 557277, 756384, 46890, 62400, 53707, 42101
1155600, 1128501, 591584, 712694, 50383, 59334, 55440, 42307
1169793, 1099356, 605125, 701543, 67122, 86031, 28593, 24187
1160200, 1131780, 541872, 766220, 65829, 81587, 34681, 24745
1169100, 1105501, 542324, 766348, 23991, 33919, 82854, 64502
1158845, 1128601, 599404, 713100, 29261, 34792, 82790, 62073
1167740, 1101419, 617697, 685858, 48178, 61302, 52178, 43787
1157074, 1128707, 537807, 779898, 55163, 69443, 48523, 34883
1163271, 1100802, 541592, 774489, 36984, 51232, 65689, 51415
1161252, 1127518, 609744, 704354, 46591, 54797, 61404, 46495
1160336, 1128769, 545893, 763693, 66730, 82521, 33484, 23894
1165115, 1097574, 597183, 715342, 62641, 81574, 33804, 28369
1151988, 1123280, 601304, 707040, 27961, 33676, 83668, 62571
1165477, 1096150, 541976, 763902, 26484, 36558, 78787, 61925
1158460, 1130111, 568088, 749197, 50240, 62225, 55278, 40872
1166942, 1098469, 579262, 733845, 53943, 69952, 45378, 36580
1154887, 1124438, 581677, 731825, 39429, 47750, 69288, 51320
1171417, 1103668, 570463, 749413, 36010, 47996, 68538, 54628
1156916, 1125828, 565283, 744176, 71202, 86965, 27513, 20325
1166837, 1099323, 585399, 727913, 66525, 87009, 29489, 23983
1151837, 1126371, 583684, 730982, 25543, 31223, 86762, 65047
1165413, 1100683, 565358, 745061, 28359, 37932, 77205, 61392
1148756, 1123424, 584225, 722506, 66490, 80773, 32922, 25263
1164983, 1100295, 562988, 758864, 58254, 77007, 40109, 31458
1155243, 1126780, 562820, 761655, 31164, 39629, 80143, 58296
1169007, 1100332, 581624, 730140, 23557, 31002, 84230, 67050
1156219, 1128863, 578341, 728385, 64073, 77823, 36873, 27759
1160892, 1098348, 568236, 749317, 55272, 74225, 42467, 33868
1147431, 1117374, 565195, 747845, 34574, 42899, 74785, 54626
1160609, 1089912, 577066, 724293, 34434, 44937, 68977, 55386
1143535, 1120753, 569250, 743340, 42665, 53222, 64101, 47283
1158735, 1091813, 588850, 719381, 45924, 59530, 55065, 44857
1154363, 1126424, 596826, 711025, 48717, 58513, 57241, 42954
1159916, 1092589, 552135, 766247, 37822, 50994, 65723, 50833
1151548, 1124138, 563727, 751840, 65544, 80337, 35441, 26113
1167598, 1101764, 593269, 723960, 62105, 80667, 35966, 29272
1157874, 1130573, 589756, 725983, 29659, 36720, 81761, 60622
1164099, 1095940, 566688, 746962, 25874, 34677, 80792, 63697
1149829, 1121014, 557530, 756854, 46742, 58427, 59036, 42607
1162671, 1096413, 590470, 716557, 46641, 60722, 54273, 44011
1148127, 1121374, 591226, 713201, 49396, 58855, 56097, 42327
1162781, 1094353, 558435, 764069, 43941, 59386, 57344, 45219
1149258, 1121746, 540860, 773690, 50873, 63783, 54019, 38081
1164471, 1095884, 604435, 703001, 49447, 62912, 51100, 42122
1151854, 1125413, 597164, 711841, 43271, 52077, 64198, 48648
1167988, 1098128, 536398, 778057, 37373, 52058, 65894, 50322
1154740, 1125183, 553531, 770978, 43224, 54321, 65298, 46875
1168155, 1100234, 591898, 718218, 41295, 53471, 61719, 49868
1160503, 1129038, 597004, 714282, 52660, 63320, 53147, 39851
1170672, 1106324, 556638, 773016, 47722, 64396, 54630, 42651
1158784, 1130917, 571904, 751153, 28871, 35363, 84549, 61566
1168693, 1100187, 576567, 726664, 28393, 37487, 77344, 61402
1154295, 1126868, 578615, 727301, 66147, 79673, 34692, 26037
1164426, 1100080, 566577, 750509, 58518, 77747, 39248, 30627
1154059, 1126372, 565373, 760497, 30315, 38606, 81210, 58952
1165559, 1101415, 584941, 723767, 22131, 29111, 85470, 68431
1154462, 1124474, 584137, 722450, 69797, 83809, 30052, 23072
1171301, 1102263, 569162, 756175, 58547, 77209, 40062, 31936
1161847, 1131110, 591499, 732295, 28110, 34418, 84980, 63257
1170019, 1102723, 567547, 753042, 27968, 37629, 79543, 62808
1156564, 1129799, 570332, 749728, 63108, 77219, 39358, 28997
1164614, 1095158, 596405, 720214, 62780, 81853, 34062, 28019
1156809, 1128392, 605616, 709610, 53447, 64161, 51597, 39434
1167519, 1100628, 554540, 781099, 47163, 63944, 54801, 42679
1154897, 1128748, 555529, 770688, 42701, 54261, 65470, 47369
1169377, 1100259, 607409, 707116, 40461, 51652, 63739, 51843
1157107, 1127772, 588222, 727994, 50422, 60690, 56170, 41548
1163279, 1097132, 563673, 755409, 40933, 55114, 61878, 48450
1153253, 1123430, 566917, 758270, 45853, 57371, 60875, 44375
1164616, 1099884, 593681, 723760, 44710, 58691, 57249, 46442
1153060, 1123809, 585434, 736046, 47012, 56501, 60440, 44900
1164910, 1099454, 568807, 753580, 34466, 46220, 70283, 55413
1158168, 1129403, 570167, 747898, 48749, 59852, 58134, 41998
1170385, 1099817, 586547, 735876, 52969, 68844, 47848, 38485
1156363, 1124911, 587584, 735377, 33342, 40353, 78265, 58492
1164948, 1099375, 570436, 750562, 26717, 36583, 80125, 63647
1153042, 1126909, 567608, 749166, 67232, 82460, 33366, 24388
1162888, 1095716, 585495, 733492, 60104, 78132, 37412, 30472
1146591, 1120912, 593034, 721091, 50083, 60834, 54340, 40959
1158511, 1090302, 559001, 769182, 42233, 57322, 59707, 46595
1148501, 1119390, 564499, 754081, 44330, 55273, 62784, 45088
1155994, 1088210, 592887, 715785, 45559, 58635, 55325, 45100
1145875, 1119038, 602458, 713814, 27005, 32054, 84955, 63757
1159079, 1096460, 553376, 760039, 21830, 31147, 84572, 66864
1155209, 1125263, 551530, 763248, 62851, 77151, 38761, 27402
1165846, 1099310, 600192, 713903, 62686, 80981, 34187, 28935
1151717, 1125623, 615521, 697084, 43337, 50907, 64712, 49822
1161173, 1091550, 548908, 769003, 37575, 51035, 65841, 50749
1151013, 1125388, 544149, 774207, 52854, 66202, 51796, 36928
1164371, 1098757, 604133, 715075, 49942, 64271, 51220, 42335
1164213, 1126543, 556909, 759067, 43133, 56208, 61153, 47346
1166071, 1123966, 606615, 712470, 41753, 51496, 66336, 51170
1158314, 1120476, 604142, 710293, 48726, 62892, 54360, 43149
1161120, 1114430, 556723, 756261, 48239, 60553, 55841, 41865
1158777, 1118921, 572103, 747316, 57461, 74232, 42457, 33447
1169548, 1126199, 585002, 738499, 66893, 83834, 33873, 25181
1163449, 1121221, 583207, 736286, 25784, 34559, 83923, 65541
1166607, 1121954, 572684, 748160, 29619, 36429, 81851, 61886
1160768, 1124339, 568597, 750502, 43288, 55675, 60905, 48241
1171085, 1125128, 587995, 736485, 49118, 61373, 57379, 43281
1165807, 1126657, 588184, 735494, 42225, 55067, 63704, 49270
1164432, 1119657, 566835, 748462, 46160, 57072, 58986, 44923
1161645, 1122968, 588188, 726848, 32279, 40447, 75545, 60458
1171352, 1125116, 569967, 757356, 38768, 49671, 70890, 52123
1159664, 1119908, 564065, 760778, 58835, 78110, 40948, 31190
1166708, 1122653, 588117, 722055, 58001, 70107, 44906, 34712
1159549, 1119698, 579439, 726984, 22494, 28716, 86953, 68595
1164787, 1117890, 569346, 747879, 19690, 25761, 92928, 69516
1156284, 1119587, 569070, 750118, 73067, 94664, 22437, 17556
1163604, 1116479, 575372, 728430, 71003, 87242, 26456, 20731
1157831, 1119034, 564252, 752959, 29043, 39535, 78258, 60661
1168877, 1124724, 583311, 734184, 32108, 40126, 78101, 59685
1164489, 1123793, 595212, 721908, 64030, 80482, 35278, 29067
1170563, 1123379, 565621, 764252, 65459, 83148, 35380, 26367
1164198, 1120789, 569047, 752896, 30517, 40059, 77736, 60184
1166682, 1118997, 591961, 729104, 27763, 34389, 83848, 63154
1166608, 1121644, 593379, 731674, 64239, 82393, 35344, 28091
1168267, 1121891, 565635, 757027, 62866, 78937, 38300, 28545
1157953, 1121989, 558596, 760354, 56936, 75229, 42669, 33100
1168713, 1121132, 597705, 716711, 73051, 89880, 25249, 20114
1168261, 1129843, 596103, 717423, 26116, 33647, 83565, 65841
1177713, 1131539, 560753, 765674, 26929, 34822, 85149, 63850
1167108, 1125479, 558136, 759058, 51062, 66866, 51047, 39518
1170952, 1128242, 606305, 705529, 53708, 66096, 50049, 39324
1169961, 1128935, 608203, 708118, 37791, 47657, 70151, 55352
1177956, 1130809, 553662, 773689, 40637, 51789, 68001, 50135
1170936, 1125415, 563832, 770176, 43094, 57169, 63913, 48155
1177608, 1130651, 604218, 712102, 48844, 59011, 57443, 45414
1173946, 1129317, 605410, 712560, 44222, 55521, 61558, 49286
1177753, 1131155, 567958, 762879, 49549, 63103, 57165, 41975
1168461, 1127517, 572274, 745597, 70017, 90992, 26440, 20751
1165599, 1119708, 579950, 732234, 65050, 80338, 34896, 27212
1159980, 1120949, 579094, 730720, 22189, 28685, 87738, 69200
1164717, 1118901, 568626, 751167, 16637, 22132, 98238, 72441
1158319, 1120226, 567779, 753152, 52423, 69459, 49008, 37919
1164982, 1117077, 579729, 725888, 60234, 73009, 40964, 31767
1155803, 1114595, 581555, 728745, 38180, 48789, 66177, 53098
1167315, 1117063, 566660, 759106, 38608, 49550, 70148, 50823
1165838, 1123270, 593097, 737730, 62728, 80042, 37506, 29803
1173915, 1127299, 569881, 750757, 64661, 80724, 35936, 27636
1167913, 1128521, 565612, 759384, 23924, 31778, 86968, 67654
1176814, 1129010, 589875, 731610, 27156, 34085, 85008, 64155
1169369, 1128567, 606780, 709322, 44634, 55457, 61169, 48999
1172632, 1126099, 561529, 766191, 49230, 62470, 56774, 42004
1166683, 1127290, 561399, 767181, 43363, 57896, 62059, 47566
1166835, 1121107, 605061, 705688, 48215, 57867, 57330, 44748
1163992, 1124472, 592987, 724774, 59880, 76400, 40381, 32652
1168954, 1124959, 565207, 760919, 63579, 80687, 37593, 27652
1163173, 1124177, 560688, 760969, 31362, 43316, 75418, 58066
1169894, 1124955, 594602, 725795, 30606, 37608, 80454, 61333
1168049, 1127552, 585520, 735540, 28518, 38167, 80867, 63339
1170436, 1123884, 568594, 751583, 32603, 40361, 77499, 58161
1159812, 1120204, 567600, 749416, 56613, 73361, 43647, 34280
1171188, 1128087, 584367, 737283, 61645, 77025, 40778, 30611
1165261, 1124336, 587973, 737612, 40800, 53493, 64961, 50233
1171744, 1124062, 567288, 747455, 45628, 56318, 60293, 46200
1163902, 1124402, 569256, 751692, 43247, 55922, 60765, 47718
1171228, 1124432, 587473, 736791, 49042, 61551, 57304, 42752
1165076, 1125149, 596942, 717027, 25483, 32395, 84667, 66697
1169650, 1122287, 562147, 758413, 26196, 34246, 85237, 63455
1168162, 1125286, 555556, 766546, 61659, 80583, 38404, 28773
1174613, 1127698, 598982, 720383, 71765, 88498, 27712, 22032
1160762, 1121317, 597805, 724391, 48791, 62833, 54132, 43366
1156639, 1107710, 547651, 759085, 54430, 68249, 47504, 35007
1155604, 1116041, 550141, 762440, 37876, 49314, 67182, 51999
1164136, 1118602, 597579, 717696, 45450, 56274, 60870, 46590
1161142, 1121197, 608653, 705278, 35897, 45283, 71196, 56624
1158139, 1112617, 542388, 774078, 39437, 50772, 67624, 49194
1151131, 1114399, 550445, 762919, 49889, 66478, 50875, 38912
1153017, 1110730, 608591, 701023, 52570, 62979, 50945, 39721
1210642, 1036034, 545759, 754713, 28546, 36537, 78613, 58350
1105414, 1175243, 606480, 701258, 21057, 27519, 90247, 70419
1215561, 1048971, 606234, 705883, 71508, 87794, 27124, 20626
1106327, 1175635, 544800, 765449, 67276, 86267, 29964, 23295
1217193, 1054038, 570755, 748851, 26643, 33713, 83612, 63740
1105506, 1172026, 582166, 734318, 23261, 31095, 87113, 67064
1216088, 1053136, 584121, 735039, 62223, 77676, 38394, 28997
1108770, 1174118, 570606, 749101, 62299, 79771, 37693, 29427
1217422, 1059905, 566678, 749829, 31236, 39354, 77951, 59640
1119095, 1176975, 586316, 733300, 26212, 34822, 84705, 65007
1218381, 1067390, 586654, 735304, 66854, 85124, 33150, 24622
1119390, 1178596, 565125, 747549, 66960, 84460, 31579, 25827
1217273, 1059805, 583755, 724496, 45219, 56001, 59695, 46007
1116369, 1178518, 563488, 762944, 44756, 60134, 60835, 46114
1214199, 1058397, 569985, 754291, 46496, 59774, 58845, 43199
1117104, 1173256, 584332, 721395, 48624, 60162, 55195, 44257
1218310, 1064515, 575583, 728730, 51048, 63644, 51755, 39402
1128529, 1176117, 569429, 753936, 54503, 71022, 48835, 36394
1222353, 1068875, 568923, 750470, 36848, 47827, 71346, 53144
1122875, 1176734, 578778, 732122, 38002, 47950, 68983, 53855
1218817, 1071487, 571817, 753488, 52694, 66523, 51593, 38508
1131122, 1180030, 595365, 721262, 51895, 65509, 52020, 41714
1218054, 1069486, 587847, 728266, 39778, 48990, 68176, 52047
1129816, 1179199, 567754, 759847, 41340, 53906, 65917, 50533
1217998, 1073097, 569014, 752867, 40174, 50697, 66936, 51090
1128248, 1178158, 599352, 720941, 40834, 52972, 66306, 51591
1221462, 1077584, 602845, 718934, 55510, 69438, 48294, 37004
1135692, 1180170, 567198, 759115, 50112, 63997, 54721, 42874
1220162, 1083217, 560881, 772665, 20560, 27089, 93794, 70771
1136923, 1184570, 601745, 718194, 24503, 30524, 88120, 69299
1222838, 1077113, 596670, 723923, 65398, 81165, 35493, 27680
1120425, 1178463, 563363, 767162, 70940, 90919, 28212, 21283
1216069, 1062242, 543860, 778124, 21154, 28144, 91580, 67813
1109024, 1172153, 600103, 715593, 29570, 37322, 80465, 62951
1217823, 1063393, 606117, 706459, 67008, 82859, 32272, 25755
1114323, 1176202, 549713, 770139, 66115, 84785, 33155, 24959
1213623, 1060494, 548493, 786158, 37147, 48584, 71295, 52104
1113981, 1178593, 588316, 729330, 43360, 55077, 62751, 49033
1216616, 1062838, 601777, 711465, 51724, 63245, 52287, 41092
1113725, 1177116, 543969, 788781, 55855, 74373, 45930, 34693
1210119, 1050493, 565381, 752122, 37784, 47882, 69089, 51581
1107512, 1176642, 575113, 730340, 39354, 49582, 66318, 52136
1217191, 1051598, 576441, 731647, 54942, 67483, 46775, 36162
1107103, 1173688, 570792, 746776, 52438, 68008, 50138, 38167
1215714, 1060028, 564565, 755114, 47602, 61557, 57354, 41742
1117084, 1175578, 582936, 723156, 50749, 63501, 52094, 42231
1215297, 1064289, 588845, 719683, 47461, 56926, 56967, 44888
1119380, 1174774, 565410, 755026, 42208, 55584, 63558, 48186
1214605, 1069703, 597504, 719146, 51605, 64526, 52449, 39994
1114775, 1176272, 561484, 757174, 48247, 61057, 55664, 43649
1214131, 1058124, 564863, 750205, 43235, 54149, 62232, 47239
1112875, 1174907, 599688, 714981, 38656, 49216, 68729, 53678
1213540, 1062063, 601314, 709871, 50888, 62787, 52253, 41303
1116700, 1174129, 547335, 772446, 53006, 69232, 49961, 37239
1209487, 1062617, 558648, 760971, 42981, 55596, 62444, 46382
1127402, 1180321, 602456, 703776, 39207, 48839, 68641, 54219
1218695, 1079989, 594739, 722159, 41954, 52021, 66083, 50970
1128951, 1180789, 553957, 766482, 43073, 56495, 63005, 47901
1215580, 1066188, 556570, 764606, 50478, 63626, 54598, 39658
1112799, 1174686, 598970, 711364, 48813, 61555, 54941, 43774
1214397, 1060564, 579846, 733052, 64150, 80486, 35331, 26806
1113776, 1173810, 563176, 741446, 69515, 88585, 27375, 22345
1215247, 1064545, 567482, 745802, 27599, 35376, 82923, 62280
1123637, 1177620, 583864, 732222, 26778, 34953, 84519, 64934
1215842, 1067914, 586213, 731613, 66645, 84177, 33388, 24954
1123429, 1174449, 565500, 749102, 69179, 86768, 29033, 23954
1215100, 1069904, 563859, 746476, 23275, 28892, 87671, 67103
1122494, 1172666, 584553, 728628, 22038, 30134, 90064, 68200
1214388, 1069340, 596814, 705072, 72422, 89446, 24996, 20089
1122997, 1179566, 546595, 770284, 71022, 92271, 26198, 19900
1217638, 1074463, 554630, 759715, 23528, 31142, 87713, 66116
1137298, 1184056, 590546, 715740, 26697, 33760, 84611, 66017
1224381, 1086626, 604003, 704408, 63194, 78491, 37721, 29657
1142869, 1182773, 547762, 758327, 63245, 80540, 36591, 28241
1220308, 1086343, 540663, 768846, 20269, 26228, 91788, 69405
1138791, 1180846, 605982, 707482, 23568, 29945, 89440, 69297
1222612, 1085714, 607589, 702884, 67283, 83767, 32892, 26356
1135930, 1179510, 538157, 780620, 70119, 91016, 27959, 20565
1218475, 1082689, 543762, 772501, 22909, 29978, 88794, 66799
1137374, 1181605, 606444, 701315, 24748, 31473, 86994, 67726
1146700, 1161638, 547531, 764480, 43062, 58370, 59552, 47562
1209910, 1097217, 599703, 713926, 38911, 46577, 72485, 52734
1139721, 1156687, 602080, 707830, 45570, 59231, 57176, 46592
1204633, 1087306, 544302, 763734, 44997, 55030, 61793, 44699
1139401, 1155789, 566722, 745430, 28659, 39415, 78010, 61753
1205030, 1095436, 581307, 732807, 30639, 36802, 81763, 60397
1148451, 1164199, 581386, 733960, 68833, 89971, 27933, 23507
1207653, 1093435, 565460, 747459, 58633, 71233, 45537, 32576
1142841, 1158132, 562476, 746392, 29895, 41192, 76638, 60798
1207090, 1096317, 583592, 728590, 29014, 34340, 84083, 61788
1149878, 1161249, 584358, 730500, 67129, 88242, 30477, 25284
1212297, 1103675, 562222, 743993, 61469, 74688, 40996, 30118
1149535, 1161270, 579663, 719382, 28411, 37649, 78588, 63187
1211970, 1100527, 558576, 766946, 27836, 34932, 86211, 62282
1151714, 1163431, 558960, 760259, 62312, 82670, 36231, 28606
1201899, 1093648, 578449, 722875, 61836, 73852, 40632, 30541
1148906, 1162762, 575962, 721654, 43002, 56623, 59464, 48513
1208579, 1102336, 566334, 750621, 44697, 55452, 63978, 45679
1153270, 1165386, 563863, 749339, 47191, 63482, 55702, 43736
1212120, 1101791, 578364, 724229, 48090, 57150, 59375, 43612
1146979, 1160363, 562205, 756533, 63332, 82812, 34639, 28556
1210092, 1101183, 594335, 712538, 71183, 86210, 29585, 21606
1146665, 1159390, 593336, 714455, 26625, 35727, 81464, 65755
1211587, 1107081, 560649, 755170, 28100, 34019, 85302, 62412
1156771, 1168355, 555998, 755706, 48273, 65575, 52475, 42534
1205625, 1098176, 590295, 722625, 52070, 63311, 54049, 39682
1150240, 1162290, 594286, 714569, 40650, 54144, 63708, 51408
1208954, 1104169, 562060, 750604, 44511, 53617, 63947, 46646
1156187, 1164235, 549695, 765644, 35815, 50165, 69018, 54562
1214286, 1110649, 591487, 708180, 41555, 48831, 67648, 51014
1154301, 1167551, 595915, 707835, 55082, 71776, 44706, 37805
1212423, 1104926, 553219, 764443, 55163, 67917, 50424, 36195
1157391, 1166272, 528392, 788225, 47930, 65555, 53577, 42040
1213795, 1106952, 613439, 688184, 50177, 59123, 57248, 43321
1161216, 1170676, 608869, 693908, 40686, 53245, 62717, 51998
1214175, 1110846, 535221, 780759, 42767, 52965, 66698, 47239
1156385, 1166150, 542825, 778531, 62924, 84354, 34449, 27728
1214566, 1112363, 596008, 714192, 56873, 67640, 49346, 36009
1158746, 1164499, 594776, 713531, 32837, 44081, 73140, 59458
1208074, 1108100, 555162, 764005, 34410, 42418, 76892, 56018
1156385, 1165586, 569752, 747492, 47171, 64547, 54333, 43792
1210842, 1104445, 580595, 730087, 49613, 58628, 57148, 42450
1152728, 1163802, 580105, 726890, 42829, 56435, 59327, 49597
1212592, 1106713, 566174, 750761, 42989, 52935, 65908, 47237
1156361, 1161800, 564494, 758579, 61528, 82584, 36755, 29546
1212060, 1107106, 581331, 726485, 56956, 68273, 48203, 35374
1153158, 1163704, 577492, 723518, 33403, 44854, 71592, 58082
1208236, 1102800, 558367, 759527, 28730, 35898, 83864, 61237
1147783, 1158751, 593148, 721920, 39041, 52907, 65668, 52660
1209484, 1096261, 561282, 753279, 42650, 50722, 66908, 48850
1145873, 1160650, 567584, 748448, 47397, 62965, 54516, 44049
1207628, 1094976, 591714, 720486, 53500, 64996, 52855, 38446
1150400, 1162850, 606461, 704008, 28712, 37484, 79942, 64674
1206837, 1102691, 551487, 774738, 29137, 36232, 84456, 61175
1153782, 1166493, 549122, 775927, 61609, 83043, 37014, 29346
1206017, 1100077, 597775, 710094, 62204, 73896, 41402, 30819
1152772, 1164061, 596078, 715271, 25487, 34684, 83226, 66450
1212436, 1103744, 552524, 767242, 21888, 26513, 93480, 68410
1151452, 1161604, 567397, 749474, 59014, 78141, 39746, 32746
1204088, 1098153, 596708, 715815, 67714, 82307, 33846, 25311
1143294, 1160756, 581805, 735403, 66311, 86846, 30517, 25783
1208305, 1097785, 567950, 748720, 70974, 86633, 30169, 21468
1146241, 1160210, 567558, 746797, 26109, 36368, 82324, 64612
1208437, 1095494, 585702, 733192, 22674, 26713, 92613, 68696
1144446, 1160892, 586523, 732374, 63490, 83551, 35087, 29387
1205465, 1093268, 564565, 747460, 65524, 79659, 36636, 26373
1143528, 1160921, 561774, 746539, 18654, 26184, 91281, 72533
1208020, 1098661, 586129, 733773, 26302, 32256, 87879, 64706
1147611, 1161382, 596986, 707164, 52780, 67716, 47823, 40045
1206417, 1096434, 552619, 767930, 55615, 68403, 50076, 35734
1150111, 1163091, 549959, 769044, 34248, 48515, 71248, 55757
1208305, 1099622, 592498, 715970, 39136, 46274, 71107, 52922
1145241, 1160290, 601966, 711297, 47564, 62848, 55315, 45213
1210114, 1099217, 555149, 750988, 47856, 57609, 59244, 42940
1148559, 1163129, 549520, 758148, 39401, 53531, 63776, 51133
1207203, 1098564, 606280, 703953, 40503, 48406, 70036, 51891
1148964, 1164369, 610981, 695032, 43144, 55738, 61357, 50220
1211782, 1102820, 526962, 789977, 41581, 52180, 68005, 47955
1150694, 1165431, 542549, 774472, 43828, 60344, 59069, 45988
1211820, 1104386, 606217, 701524, 50905, 60560, 56278, 42326
1209790, 1100743, 552729, 763118, 50722, 61060, 55400, 40554
1156526, 1164116, 605676, 706481, 51617, 67685, 50042, 41291
1214999, 1103914, 602853, 714081, 42419, 50036, 68550, 50354
1153677, 1163562, 546177, 767623, 44864, 61873, 56312, 45299
1212324, 1103090, 572979, 748510, 70144, 85997, 31529, 22270
1152498, 1163628, 585999, 732768, 61870, 81292, 36032, 30691
1211494, 1100558, 581595, 733851, 31830, 37845, 81183, 59814
1145325, 1161104, 569435, 747217, 28107, 38895, 79871, 63069
1210582, 1096629, 566092, 746256, 65554, 78901, 36813, 26846
1146513, 1160870, 584755, 731477, 64009, 84207, 33855, 28032
1201945, 1091175, 585540, 727925, 25408, 30785, 87912, 65309
1136897, 1154321, 564221, 747125, 25823, 35645, 81900, 64683
1199986, 1083182, 579201, 719172, 58583, 69456, 44177, 33447
1134622, 1152314, 558931, 758957, 63892, 85025, 33502, 26513
1203109, 1090911, 572578, 743201, 32231, 39418, 79160, 57907
1137861, 1152758, 585666, 717204, 30818, 40466, 74806, 60459
1202701, 1088874, 576095, 723149, 46368, 55206, 60439, 45128
1139827, 1157439, 563863, 747554, 44876, 60725, 58132, 45694
1203401, 1091224, 565207, 747812, 47603, 59493, 58995, 41914
1145044, 1157510, 574655, 724938, 45359, 59545, 55989, 45714
1206888, 1098450, 560908, 759230, 26536, 31992, 86751, 64629
1144202, 1160080, 596946, 717266, 21841, 30151, 87885, 69849
1207351, 1099133, 591226, 720897, 66968, 82464, 34977, 25023
1154204, 1162732, 558769, 762734, 63766, 84355, 34346, 27945
1207275, 1105334, 568063, 744792, 44550, 54330, 62715, 46797
1156031, 1166101, 596223, 718835, 41932, 56064, 62507, 50911
1209356, 1103944, 590145, 728314, 50478, 61468, 57305, 41704
1152049, 1163515, 565061, 752128, 47414, 62922, 55385, 44433
1210640, 1107416, 556196, 765855, 50085, 62091, 57432, 40463
1151649, 1162210, 599929, 712254, 51838, 66786, 50535, 41692
1206832, 1099023, 594139, 713121, 35886, 42840, 74601, 55397
1151235, 1164509, 556450, 761548, 38051, 53010, 67244, 52558
1206765, 1096285, 534023, 785831, 40846, 50971, 68679, 48439
1147885, 1159892, 607336, 700467, 41416, 54125, 62989, 51489
1203921, 1095596, 597503, 708682, 48672, 58973, 58198, 43153
1144058, 1159040, 546325, 771728, 42955, 58029, 60854, 47578
1211746, 1100887, 544510, 783069, 25649, 32421, 88472, 64171
1152614, 1162602, 590701, 718270, 33718, 44717, 73334, 59079
1207848, 1097141, 601017, 705562, 63292, 76302, 39303, 29765
1143433, 1160864, 549666, 770331, 60977, 81816, 37421, 29550
1204200, 1088773, 565522, 751494, 46343, 57869, 61725, 43537
1144011, 1158770, 575352, 729605, 47414, 61739, 54200, 44486
1207009, 1094341, 573683, 726090, 45551, 54821, 61146, 45591
1147752, 1161338, 567118, 745205, 44134, 59717, 59012, 46395
1208631, 1100205, 568796, 749154, 32774, 40377, 79216, 58046
1151386, 1161893, 583423, 726120, 30388, 40212, 77405, 62108
1210053, 1102593, 586541, 723817, 62929, 75518, 40572, 30057
1156074, 1165502, 568772, 753999, 60137, 80664, 39061, 31615
1212117, 1107744, 593012, 724222, 51071, 62257, 55925, 40739
1152866, 1162762, 566432, 753705, 48457, 64783, 53593, 43700
1207059, 1102496, 566025, 750711, 45820, 55433, 62519, 45914
1152584, 1162181, 591607, 725240, 43100, 57725, 60575, 49257
1211897, 1105209, 578861, 737829, 53738, 64864, 52772, 38189
1153867, 1166212, 536444, 796326, 68796, 91726, 28202, 22460
1209668, 1107568, 557035, 773080, 29879, 37041, 83803, 60713
1155638, 1164322, 608481, 702496, 27652, 36699, 80253, 65320
1210988, 1104023, 595574, 724654, 65652, 79550, 37500, 27634
1155336, 1163659, 564482, 757737, 61849, 81706, 36616, 30234
1210860, 1100378, 562781, 758642, 28738, 34954, 85183, 61665
1151670, 1163475, 602258, 712483, 24965, 34071, 84240, 67355
1210617, 1101142, 585541, 736686, 23254, 27459, 92762, 68062
1148734, 1162359, 570955, 749240, 30696, 42777, 76490, 60662
1209448, 1100791, 573938, 753747, 67775, 82811, 34976, 24941
1152493, 1164413, 586383, 733864, 55244, 72419, 45954, 37881
1210810, 1097558, 589917, 735604, 35207, 42534, 76984, 57099
1148679, 1163074, 569522, 753627, 33938, 46279, 72353, 58064
1211664, 1103278, 567168, 748045, 60571, 73054, 43598, 31707
1153471, 1160920, 586449, 731993, 63294, 82871, 34813, 28838
1208750, 1094845, 596920, 718768, 38080, 43844, 72804, 54719
1142178, 1159964, 557846, 763042, 35435, 48815, 70516, 54985
1201462, 1090798, 558730, 763589, 53399, 66604, 52307, 37084
1130603, 1153156, 594158, 714419, 53870, 69528, 45465, 38546
1204069, 1084275, 610483, 701377, 42667, 51021, 65942, 49073
1140189, 1159343, 552956, 758360, 39829, 53781, 63848, 51126
1204640, 1092861, 552793, 755837, 52398, 63320, 52604, 38162
1141164, 1157653, 602911, 712985, 52291, 68169, 49387, 40872
1205856, 1093160, 613412, 699585, 47646, 56300, 60204, 45328
1142144, 1160959, 543199, 776083, 47947, 65693, 53181, 42141
1200493, 1088544, 551616, 769414, 46680, 57405, 60905, 43453
1141745, 1159409, 603076, 707838, 45243, 59053, 57481, 47075
1126173, 1172994, 548503, 769772, 66631, 84576, 32633, 25419
1214095, 1071806, 610158, 706314, 69056, 86488, 29658, 23165
1127071, 1174127, 601748, 715961, 25119, 32323, 86644, 66836
1214551, 1073960, 551512, 755312, 26426, 33422, 83322, 63063
1126444, 1177488, 572100, 748191, 69862, 87722, 29578, 23287
1218333, 1074264, 583273, 734474, 69835, 88184, 28921, 21712
1123777, 1179535, 585706, 731891, 21178, 28355, 91125, 69891
1219797, 1073923, 569775, 746704, 23422, 29193, 89389, 67763
1130655, 1180057, 567433, 748030, 65298, 82321, 34195, 27692
1220286, 1076985, 590081, 735033, 65039, 81746, 36004, 27455
1125969, 1177669, 587710, 733190, 25960, 34623, 84907, 65714
1217282, 1070420, 565368, 747831, 29173, 36436, 80004, 61426
1127058, 1177986, 578728, 731453, 50085, 63400, 52922, 41844
1218283, 1072884, 565783, 760800, 46581, 60345, 59303, 43475
1125309, 1180361, 569020, 756906, 42445, 56678, 63564, 48452
1216252, 1066982, 588212, 715895, 49200, 59403, 53921, 42620
1120945, 1176576, 578510, 731466, 37643, 47549, 68573, 54545
1215920, 1069090, 570542, 749694, 38348, 49355, 69092, 51195
1117533, 1175273, 569191, 752248, 54710, 72059, 47215, 35774
1211395, 1058813, 576935, 729661, 53864, 66652, 47779, 37276
1114458, 1175150, 565138, 754681, 38091, 50613, 68235, 52339
1214905, 1061027, 596950, 719559, 44057, 53752, 61606, 47654
1117825, 1175904, 594771, 724093, 52207, 66686, 51055, 40492
1215413, 1067978, 563836, 764625, 49883, 63501, 54711, 40681
1114465, 1172423, 566859, 753160, 49941, 64540, 52960, 41465
1216183, 1059887, 593724, 726596, 49585, 61778, 55746, 41500
1114188, 1176882, 589634, 726944, 41115, 53185, 64824, 50725
1216015, 1060806, 564335, 751948, 43306, 53841, 62029, 47078
1114669, 1173166, 555362, 764598, 67470, 87322, 30994, 23268
1213995, 1062076, 597866, 711347, 70621, 87166, 27112, 21933
1110508, 1176319, 592224, 716859, 25671, 33199, 83729, 65737
1215183, 1061077, 554821, 761431, 21597, 28770, 90146, 67103
1112185, 1179049, 549721, 765421, 62668, 81801, 36077, 27497
1211876, 1059382, 598222, 709358, 61801, 76583, 38507, 30066
1114560, 1176373, 604607, 706384, 28538, 35497, 81177, 64389
1215904, 1064674, 542749, 777485, 24018, 32435, 86905, 64197
1112615, 1175690, 539556, 784651, 55483, 73975, 45602, 33737
1212986, 1056201, 596521, 712543, 54394, 66954, 47490, 37108
1113182, 1176277, 603802, 700705, 38580, 47492, 67826, 54376
1211036, 1057598, 553116, 763858, 38645, 49931, 67979, 50512
1110341, 1174120, 568915, 747109, 53448, 70568, 48321, 36876
1215121, 1059076, 574044, 728905, 54962, 67082, 46632, 36293
1109261, 1173718, 575473, 727193, 38265, 48106, 66626, 52937
1212882, 1054091, 566356, 746780, 36437, 46712, 70720, 52511
1102406, 1174558, 564695, 759973, 40348, 55115, 64795, 48991
1211792, 1053717, 581416, 727806, 39539, 47758, 67097, 51793
1109205, 1174188, 583203, 720019, 46141, 57961, 56808, 45612
1211939, 1057219, 562195, 755940, 44944, 57656, 60043, 44100
1112403, 1172977, 591145, 728900, 43269, 56473, 61963, 47988
1209212, 1052682, 562562, 751307, 44227, 55257, 60607, 45719
1109890, 1171722, 567707, 749196, 48463, 61919, 55134, 42666
1214517, 1058064, 592365, 724445, 50593, 63426, 53451, 40275
1108360, 1172783, 600702, 710832, 38955, 48636, 68019, 53869
1205014, 1052907, 549233, 774029, 34075, 44247, 74184, 54518
1108244, 1171009, 562036, 763072, 47669, 62863, 56419, 42923
1210022, 1054272, 605268, 702565, 55388, 68167, 46017, 36421
1106825, 1171518, 593546, 718906, 49023, 61879, 54723, 42986
1210167, 1055574, 563514, 753903, 51420, 65313, 51416, 38506
1109661, 1173373, 566981, 751572, 39569, 51772, 66744, 51247
1211856, 1054068, 587263, 724299, 44025, 55312, 60679, 46291
1106009, 1173853, 584077, 734056, 24603, 32085, 86154, 66778
1206244, 1052217, 568729, 741206, 31056, 39773, 76754, 57860
1105616, 1171153, 569065, 741791, 67734, 86331, 29042, 23767
1209007, 1053391, 580415, 734359, 69399, 87538, 28987, 21454
1107617, 1174977, 587265, 732525, 23615, 32209, 86972, 66837
1212621, 1058508, 565771, 744379, 32761, 40974, 74777, 57311
1109745, 1170249, 564031, 745449, 61642, 78132, 37380, 30253
1211465, 1052683, 583059, 729959, 67963, 84960, 30956, 22689
1106420, 1169402, 592733, 712051, 25515, 32734, 84025, 65059
1214283, 1054577, 554533, 760103, 21901, 29307, 89485, 66193
1109144, 1174770, 556787, 760260, 69486, 90409, 27524, 21187
1216961, 1056599, 591854, 714723, 66138, 81114, 32912, 25856
1113799, 1173248, 597914, 708938, 26986, 34816, 83042, 64480
1213602, 1058484, 544856, 759385, 25383, 31896, 84500, 64035
1109068, 1173266, 547978, 755664, 66734, 84769, 30515, 24293
1212209, 1051900, 592981, 720302, 58300, 71975, 43354, 33604
1108870, 1172738, 608666, 696968, 21134, 27111, 89793, 70687
1213424, 1057971, 554791, 755206, 28852, 36981, 80635, 60738
1109007, 1176383, 538836, 772237, 68032, 89016, 28854, 21875
1210523, 1059790, 603449, 704826, 65073, 80595, 34339, 27027
