1110305, 932978, 594932, 829409, 38769, 50258, 64752, 45343
985482, 1050005, 605357, 813726, 39927, 51657, 63424, 43656
1107621, 932743, 601869, 808361, 47174, 61871, 52313, 36270
973506, 1045282, 588841, 829981, 44498, 58090, 55750, 38955
1112591, 933265, 588012, 828196, 32956, 43045, 72907, 49563
977574, 1049402, 601058, 814958, 34630, 45985, 69647, 47856
1107527, 927281, 602241, 814218, 52937, 69284, 45457, 30931
970162, 1047595, 588881, 828558, 50907, 66321, 46615, 32846
1111366, 927508, 594772, 826427, 41609, 53674, 60980, 42447
974467, 1047108, 598180, 821230, 41577, 55791, 60625, 41042
1108684, 929142, 596866, 820335, 43589, 58139, 57512, 39516
972464, 1049087, 593393, 821461, 39518, 51585, 62405, 44174
1108411, 925625, 600308, 811478, 54300, 70508, 42705, 29912
980867, 1049140, 585136, 834142, 53167, 71181, 44409, 29473
1110493, 925581, 582780, 837720, 30503, 41266, 76992, 50855
975917, 1048586, 599971, 808585, 30120, 39613, 75684, 52106
1109721, 923016, 603433, 805754, 57986, 75843, 38023, 26088
966971, 1046501, 588507, 830734, 59923, 78816, 34102, 23811
1103814, 917525, 588700, 827432, 28924, 37582, 78278, 52949
976323, 1047000, 605108, 803657, 25161, 33071, 82493, 56413
1114197, 923347, 590962, 829374, 46861, 63259, 53875, 35929
974786, 1049890, 587893, 821018, 48695, 64410, 49170, 34120
1110380, 921966, 589045, 816977, 37278, 48690, 65802, 45228
975332, 1049083, 591388, 826713, 35532, 48410, 69300, 46221
1112949, 922436, 588918, 828862, 51866, 69581, 46255, 31023
981513, 1050278, 588122, 823186, 54839, 72538, 41516, 28636
1113966, 924375, 594035, 822092, 38637, 51177, 64838, 43608
975936, 1050529, 596060, 825280, 38253, 50932, 64927, 44512
1111932, 930034, 581747, 839451, 21337, 28405, 89183, 60726
971430, 1048008, 608599, 802187, 24448, 32656, 83548, 57681
1111420, 923001, 606042, 799193, 65875, 86226, 26942, 18615
974738, 1044379, 575833, 837423, 65810, 85964, 26648, 18580
1109372, 925525, 571720, 844526, 21795, 29878, 87659, 59512
976921, 1047344, 602562, 798385, 26800, 35213, 81089, 54848
1108909, 917239, 605268, 797412, 59008, 77352, 35904, 24644
971055, 1044144, 578632, 833858, 57006, 74103, 39120, 27040
1110583, 918957, 573666, 844742, 28090, 38854, 79170, 52313
980100, 1048946, 597478, 807499, 34205, 44565, 71112, 48498
1112958, 926107, 600485, 802652, 54015, 71005, 42528, 29938
985616, 1053979, 578975, 845378, 52001, 69873, 46602, 30970
1113961, 931107, 587319, 833515, 18683, 24726, 92893, 63711
987894, 1051581, 604087, 807004, 24582, 32179, 84393, 57897
1115246, 935996, 604604, 805783, 62967, 81766, 32082, 21978
978650, 1047925, 586424, 830014, 56855, 74677, 38888, 27114
1112023, 926835, 582364, 839059, 29434, 40168, 78332, 52077
978918, 1047792, 600886, 805294, 29686, 37695, 76945, 53144
1112263, 929879, 603851, 803955, 61836, 80355, 32890, 22675
975656, 1048973, 582753, 837013, 53759, 72343, 42934, 28468
1112873, 934835, 591153, 819542, 34065, 45291, 70752, 48445
979162, 1052176, 596735, 826401, 26181, 36120, 81948, 55384
1112270, 929653, 593486, 823303, 49228, 64771, 51619, 34890
976576, 1046421, 593230, 819552, 48232, 63348, 50911, 35084
1111556, 925410, 594766, 811592, 48928, 64386, 49999, 34335
978819, 1048786, 580583, 843955, 53086, 71172, 45031, 29922
1110505, 924910, 575468, 852424, 27626, 38221, 80878, 53627
976018, 1048044, 602450, 805050, 31354, 41025, 74440, 50875
1111318, 921375, 593675, 813860, 41788, 53808, 60609, 41529
969483, 1046565, 590282, 826911, 37455, 51185, 65602, 44471
1112482, 921767, 587013, 829791, 49439, 66704, 50139, 32776
968348, 1045413, 586449, 822733, 48834, 63816, 49699, 34006
1110741, 919214, 599950, 816201, 52434, 69348, 45918, 30530
973530, 1047510, 584635, 829858, 50550, 66392, 46914, 32697
1112491, 922831, 585394, 832111, 35881, 47184, 68441, 46700
977479, 1048785, 597595, 816036, 28759, 38551, 78908, 52471
1109953, 924574, 590982, 819691, 42256, 56393, 59763, 39473
976121, 1047979, 590434, 823266, 42263, 55060, 59245, 40637
1110755, 924530, 592372, 822464, 43428, 56428, 57871, 40271
971575, 1047871, 595144, 822843, 41348, 55872, 59763, 40600
1107291, 921489, 608115, 799407, 68553, 89463, 23130, 15690
968667, 1044920, 581087, 834504, 55482, 73575, 39869, 27365
1107343, 920992, 580727, 839839, 23026, 30895, 86241, 58552
970105, 1047765, 607649, 799579, 21948, 29659, 86587, 59283
1103434, 913842, 599348, 807219, 46231, 60435, 53705, 36402
962897, 1043446, 592442, 821154, 43284, 56918, 56446, 39512
1105904, 914051, 589010, 824577, 40444, 52421, 62096, 42158
969333, 1047524, 598598, 814371, 45311, 59759, 55351, 37765
1108332, 918338, 608758, 791809, 60951, 79745, 32985, 22817
963217, 1045485, 581476, 835195, 57410, 75197, 37926, 26080
1112669, 921408, 582909, 834987, 30607, 40376, 76332, 51864
962369, 1045061, 612131, 792074, 25042, 33083, 82111, 56568
953544, 1047878, 594779, 818909, 54769, 71983, 39287, 29068
1116821, 916475, 598653, 814261, 56139, 72830, 41570, 27149
958737, 1044664, 604834, 809666, 26641, 36715, 78706, 54745
1122262, 922327, 592402, 821887, 30429, 38047, 77546, 53007
966991, 1055869, 583181, 831886, 43421, 59174, 55143, 39055
1119488, 922975, 601198, 815735, 45572, 59247, 57018, 37305
965657, 1051864, 598882, 815356, 39057, 53812, 61796, 42771
1117377, 921366, 588353, 829883, 41072, 52946, 62700, 42573
959885, 1051242, 596423, 824062, 48237, 63153, 49600, 35392
1122097, 930270, 599372, 819385, 47348, 61617, 54559, 35949
979145, 1054013, 594017, 818704, 38523, 53061, 62978, 43489
1123234, 935866, 590513, 821496, 38450, 49693, 66423, 45030
973311, 1051231, 600536, 811108, 37956, 51622, 62956, 44636
1119207, 930453, 586373, 834704, 35707, 46262, 71291, 47121
967048, 1054210, 584689, 834108, 47016, 65333, 49989, 34796
1121482, 924153, 602115, 804204, 50640, 63563, 50281, 33413
967937, 1051602, 604232, 806874, 41210, 55321, 58738, 41703
1124011, 918661, 588785, 834533, 39964, 50387, 65669, 43651
955811, 1053423, 588522, 834206, 46540, 62370, 51041, 36525
1122192, 919327, 608536, 808881, 46953, 58163, 56532, 37651
965150, 1051951, 595070, 829993, 50783, 69940, 45054, 31821
1115904, 922247, 595190, 816652, 55993, 72538, 41256, 27529
956189, 1052770, 591839, 823120, 32799, 45224, 69573, 48975
1120448, 918928, 598142, 822601, 40616, 52462, 64787, 42691
960711, 1050337, 593539, 826595, 47867, 65111, 49168, 34252
1116720, 907020, 585508, 823559, 50819, 66235, 48446, 31064
950129, 1049278, 592387, 822615, 30422, 42214, 72397, 50655
1116475, 908875, 596776, 822438, 33870, 43264, 72923, 48387
950628, 1045996, 583763, 838679, 52918, 70868, 41135, 30093
1121173, 917719, 612029, 799886, 57709, 74087, 41046, 26713
966209, 1050176, 610494, 801743, 31643, 43491, 71950, 50945
1119667, 922088, 582001, 836219, 32463, 40581, 74853, 50388
965060, 1053810, 588381, 835132, 60143, 79630, 33685, 24943
1118857, 922181, 608999, 798193, 64672, 83486, 29850, 19662
966958, 1053944, 604109, 800848, 23295, 32254, 83699, 58121
1120827, 925292, 580946, 846222, 15226, 19267, 99216, 67187
964127, 1048704, 580764, 843288, 60082, 82004, 32249, 22650
1120366, 922007, 600876, 806617, 57130, 73254, 40304, 27056
968127, 1051654, 601503, 806226, 25802, 36219, 79996, 55495
1123390, 926511, 586126, 834040, 33047, 43036, 75549, 49083
968549, 1049386, 585363, 827057, 41997, 56018, 57873, 40509
1116879, 922440, 602906, 802429, 42959, 54591, 60357, 40111
958276, 1047425, 603450, 806628, 40066, 54761, 59054, 41740
1121593, 924832, 580828, 831942, 39549, 50551, 64641, 44050
964226, 1050472, 581517, 833561, 48031, 65809, 48890, 33647
1118290, 920177, 603372, 803624, 49676, 62507, 50755, 34317
968200, 1049374, 600963, 806695, 37139, 50300, 63985, 45467
1118978, 929445, 583886, 832744, 34946, 45930, 71196, 47223
966227, 1048875, 590780, 820605, 30463, 41680, 73202, 50907
1119625, 922035, 596170, 820279, 38037, 49410, 67579, 44030
966072, 1049835, 595769, 827100, 51394, 69223, 44866, 31571
1118153, 926619, 594054, 822064, 53249, 68498, 46296, 31184
965310, 1047510, 605869, 803789, 25498, 34700, 79355, 56385
1116659, 922183, 586989, 840272, 27187, 35395, 83003, 54503
965816, 1051387, 582805, 841763, 58626, 80547, 33951, 24130
1119386, 917408, 608665, 805568, 58582, 73516, 39493, 26381
954145, 1050294, 600199, 820875, 31904, 43848, 70955, 50280
1118092, 916802, 593495, 833088, 28576, 37489, 80922, 53422
962714, 1050478, 593875, 823844, 50106, 67714, 46960, 32511
1118123, 921769, 600870, 811086, 63383, 81231, 31828, 21247
959079, 1051224, 602545, 813497, 39268, 53517, 61425, 42746
1118698, 930316, 588116, 831197, 42412, 53331, 62239, 41957
957773, 1050111, 587326, 832363, 43521, 59548, 54123, 38904
1115762, 915136, 598662, 814469, 45569, 59180, 56985, 36821
953118, 1048809, 597391, 821931, 35956, 49633, 65728, 45547
1115822, 912502, 589967, 823190, 37929, 47586, 66697, 45404
956998, 1048378, 590917, 820468, 47806, 63002, 49113, 35685
1119829, 922847, 599781, 821883, 47420, 61311, 54608, 36558
966703, 1049596, 613090, 803377, 32674, 45044, 70336, 49386
1122296, 928168, 581381, 840411, 31780, 39810, 77081, 52105
966551, 1047948, 576859, 843490, 55622, 73817, 38964, 27918
1118337, 925379, 609079, 800985, 53524, 69025, 46341, 30397
969808, 1055221, 597104, 810906, 26946, 37476, 78891, 54206
1121396, 929109, 589033, 825216, 26722, 33237, 82707, 56578
961626, 1051306, 587934, 824414, 59035, 77448, 34470, 25122
1113032, 920150, 600503, 806853, 58625, 77568, 36954, 24677
962989, 1048922, 605111, 798922, 23278, 32420, 83720, 57876
1119286, 920143, 581069, 836205, 21126, 26632, 90542, 61402
959747, 1049026, 576862, 840164, 65574, 87251, 25001, 18162
1116896, 921166, 598717, 800843, 58342, 76263, 38114, 25305
1121120, 929771, 584750, 824028, 24218, 31229, 85563, 58271
974808, 1052298, 602018, 805547, 22856, 32103, 84699, 58476
1120578, 931755, 600103, 810558, 57155, 74952, 40318, 26893
969807, 1051914, 593162, 821423, 56982, 74670, 37900, 27094
1122805, 929959, 588116, 828404, 41868, 53287, 62406, 42522
966530, 1050893, 600239, 815357, 39516, 54998, 61225, 42511
1122304, 925958, 597799, 817301, 46012, 61017, 55995, 36938
969845, 1052772, 582984, 828943, 44262, 59469, 55156, 38622
1119880, 930840, 590909, 821670, 38404, 48253, 66612, 45347
967409, 1047916, 596143, 817522, 36699, 50105, 65788, 45373
1118809, 930140, 595851, 818860, 47320, 62731, 54619, 35843
965143, 1043614, 587589, 814151, 48786, 64204, 48007, 34567
1113098, 923722, 600765, 800212, 47849, 60946, 52846, 36497
966252, 1044375, 583375, 828913, 44241, 61029, 53732, 37783
1114937, 934526, 580210, 835803, 31137, 41235, 77086, 51491
972339, 1047290, 599403, 805379, 37906, 50537, 63840, 44430
1114568, 929897, 603536, 800609, 44784, 58072, 56562, 38863
976816, 1049245, 586860, 825965, 44862, 58742, 54434, 38576
1119212, 933978, 590367, 824614, 41624, 52654, 63385, 42842
969550, 1048320, 600806, 799028, 38611, 51106, 62244, 43812
1119442, 933545, 590450, 823907, 31170, 41088, 77370, 51860
978738, 1050826, 592704, 815239, 33241, 44568, 71563, 49151
1119077, 933283, 590497, 812057, 58212, 75865, 37614, 26142
981429, 1052871, 589349, 825171, 54420, 73517, 41525, 28311
1121470, 936628, 592782, 822879, 34904, 45551, 71967, 47925
973242, 1049770, 588819, 825232, 37271, 50656, 64865, 44992
1119371, 939442, 588666, 816814, 59221, 77417, 37387, 25042
977037, 1052614, 592837, 826117, 52963, 71407, 43604, 30481
1119230, 934671, 576658, 834972, 30324, 38303, 77406, 52572
979563, 1052913, 604768, 798231, 28456, 39780, 77339, 52871
1117294, 935238, 605154, 794899, 52871, 69499, 45665, 30706
978086, 1048109, 577863, 828572, 50474, 66678, 46122, 32679
1118716, 931525, 574707, 833864, 21233, 27401, 89660, 60410
976640, 1049855, 596446, 806294, 34205, 46173, 70136, 47893
1120295, 938937, 605115, 794733, 62918, 82615, 31748, 21262
982324, 1051758, 587563, 826625, 55395, 72718, 40637, 28762
1115117, 933494, 583147, 826761, 33334, 44103, 73521, 48348
976419, 1047360, 598682, 800807, 26777, 36231, 78660, 54206
1117802, 935679, 605829, 798703, 63144, 80781, 32873, 22230
972786, 1049088, 580125, 837654, 59426, 80292, 33439, 23705
1122671, 933482, 588257, 822604, 40991, 51622, 63221, 43428
975010, 1051062, 604521, 801476, 41696, 55898, 58469, 41351
1120116, 931196, 602570, 802205, 42727, 55284, 60149, 40465
969211, 1051976, 586079, 826410, 45908, 61111, 52596, 37410
1115872, 930511, 584946, 827957, 37615, 49192, 67864, 44992
970056, 1050309, 600620, 806880, 36126, 48657, 65706, 46630
1117636, 928721, 601994, 804490, 48630, 62164, 52086, 35292
971731, 1049395, 585158, 833770, 51421, 69615, 44895, 31300
1119232, 931682, 595606, 817841, 57227, 73758, 40309, 27062
967870, 1048671, 595975, 824111, 51660, 70027, 44359, 31034
1119079, 929562, 596217, 823652, 35154, 44945, 71706, 47993
971194, 1051791, 593153, 826924, 33365, 45576, 69721, 49092
1119058, 927411, 603660, 808331, 56886, 73624, 40684, 26982
964160, 1050854, 590183, 830434, 48308, 66573, 48858, 34168
1118985, 928230, 586629, 837652, 29162, 37833, 80395, 52958
968286, 1050678, 601232, 808108, 29233, 39675, 75083, 52664
1118061, 920833, 592074, 818766, 50891, 65341, 49442, 32788
959962, 1053099, 591284, 829046, 51638, 69960, 44217, 31461
1120444, 925581, 593476, 828278, 31728, 41330, 77669, 50795
957197, 1050718, 597850, 817267, 30202, 41121, 72828, 51859
1120434, 922253, 602977, 817299, 45196, 58303, 58877, 38378
961616, 1051898, 588029, 828211, 41242, 56054, 57699, 41245
1119796, 923700, 589453, 832274, 40568, 51213, 63970, 42837
959347, 1048408, 601727, 813754, 39475, 54865, 60263, 42265
1120259, 920129, 597636, 820615, 47781, 61384, 54768, 35566
964572, 1055142, 595020, 824948, 46104, 61745, 51787, 37234
1118224, 922898, 593100, 822953, 38439, 47902, 66869, 45102
960959, 1051555, 600905, 820829, 36426, 51293, 64098, 45151
1116699, 917903, 612759, 799593, 55487, 69498, 44937, 29411
955155, 1046478, 583788, 838769, 53075, 71330, 41578, 30146
1114343, 912460, 583966, 836330, 33562, 41850, 73862, 49271
949277, 1047193, 606651, 808345, 36167, 49416, 64606, 45788
1113878, 909674, 603121, 805327, 62602, 79580, 33519, 21801
938475, 1045524, 587630, 825955, 58544, 77964, 32611, 23988
1117852, 907963, 594771, 819479, 30751, 37717, 76615, 52633
944915, 1049563, 607038, 807747, 24277, 34020, 80470, 56629
1119292, 912583, 613309, 799468, 62690, 79258, 33491, 22153
950464, 1046513, 578739, 843096, 69427, 91447, 19618, 14701
1114373, 912643, 585177, 832488, 25588, 32002, 84332, 56500
953791, 1048712, 603064, 804223, 28791, 39701, 75087, 52379
968991, 1046988, 590148, 824813, 42914, 56142, 58006, 40193
1106223, 924089, 594921, 814204, 41447, 55317, 61104, 41327
973595, 1047502, 599021, 806489, 39630, 52936, 62306, 42125
1106999, 927348, 586696, 823919, 40660, 53189, 61677, 43084
977093, 1048296, 586539, 829648, 50029, 65913, 48572, 33174
1111676, 934829, 605233, 814852, 55940, 74961, 41114, 28102
981698, 1048755, 603138, 812810, 30504, 40959, 76805, 51739
1109209, 931470, 589605, 829737, 32961, 43645, 71871, 50353
984211, 1052120, 597227, 821262, 40057, 51321, 63708, 44165
1112178, 934178, 599712, 823152, 42599, 57662, 59897, 40728
991209, 1049443, 594840, 816497, 42882, 56462, 59768, 39616
1112571, 935036, 590304, 819270, 42922, 55836, 58183, 40478
983577, 1050710, 597940, 810492, 32596, 42378, 72888, 49873
1110673, 931228, 585233, 834401, 31655, 42784, 74709, 50170
978554, 1047089, 580784, 838479, 56118, 75183, 40043, 26642
1109233, 924863, 600863, 805489, 56146, 73188, 40424, 28098
976137, 1047373, 603938, 803418, 19773, 26530, 89664, 61638
1104646, 922390, 590953, 828759, 25077, 32403, 83102, 57343
975049, 1048465, 591943, 830931, 59378, 77514, 35418, 24855
1106149, 920088, 607114, 806746, 62657, 80663, 31647, 21243
966347, 1048099, 589701, 831587, 38244, 52618, 63705, 43117
1107399, 914681, 592747, 817981, 40782, 53117, 61566, 41821
964855, 1044858, 596755, 818065, 45612, 59790, 53288, 37253
1108468, 919216, 593630, 832938, 45164, 60313, 55326, 37167
970041, 1048549, 600226, 826969, 34167, 45881, 70526, 48352
1110561, 922520, 591556, 827578, 35744, 47154, 68823, 46518
972150, 1050202, 599978, 823898, 52438, 69418, 44871, 31459
1109633, 913700, 601393, 828816, 51895, 66878, 48191, 32177
956067, 1046886, 580251, 840666, 58926, 79442, 33506, 23546
1106038, 906401, 606018, 802074, 62076, 81038, 31075, 20455
956775, 1046541, 605879, 804563, 28221, 37955, 76843, 53162
1110132, 914475, 584965, 836226, 30880, 40402, 75267, 51407
957167, 1047163, 587780, 834634, 54175, 71170, 41786, 29095
1109661, 911520, 608549, 803147, 56842, 73894, 39816, 27176
964422, 1043765, 603275, 798638, 28137, 37628, 77904, 52534
1111477, 920016, 578028, 841453, 24399, 32289, 84030, 57703
974296, 1047146, 580022, 842008, 51752, 69190, 46769, 30835
1112651, 920849, 604505, 799646, 58030, 75795, 37208, 25940
968096, 1047738, 605986, 799302, 26224, 34915, 80806, 55352
1111739, 922866, 581406, 843561, 32232, 44343, 74735, 49180
973607, 1047781, 586011, 829521, 62768, 80954, 31389, 21952
1111458, 928675, 608500, 803355, 65683, 84758, 27801, 19401
979702, 1051628, 606890, 807849, 26348, 34546, 81942, 56434
1116115, 932118, 588440, 832310, 20214, 26967, 90140, 62626
982620, 1051825, 583630, 842889, 61202, 81983, 33488, 22565
1114617, 931824, 607084, 802570, 64391, 83898, 29041, 20504
982745, 1051735, 602700, 810485, 31512, 40675, 74656, 51996
1114734, 931454, 583460, 838137, 30117, 41234, 77147, 51027
981865, 1048743, 592014, 821139, 51152, 66755, 47668, 32319
1114370, 927779, 593213, 825049, 49673, 66017, 49676, 34096
977990, 1051904, 596456, 823986, 33654, 44597, 71760, 48637
1113086, 931428, 590569, 823627, 32751, 43741, 72428, 49709
979829, 1049020, 605478, 801501, 28024, 36563, 78922, 54129
1112318, 926646, 577732, 846736, 29231, 40076, 78392, 52449
982052, 1050958, 580109, 848099, 53117, 71309, 44779, 29820
1113943, 929909, 603508, 805752, 56163, 73741, 40257, 28108
980963, 1049484, 587639, 822622, 49385, 64667, 49831, 33792
1114536, 930618, 594641, 827057, 49385, 66494, 50241, 33570
983668, 1052687, 595257, 829622, 37047, 50082, 67145, 45075
1111586, 929403, 596119, 826094, 39194, 51657, 64171, 44369
982654, 1049545, 602613, 816438, 30871, 41135, 76370, 51027
1115586, 933705, 587035, 833291, 34032, 44420, 71491, 49178
979050, 1050159, 590361, 833912, 52379, 68061, 45938, 31680
1111949, 928389, 604291, 817882, 54704, 73020, 43196, 29104
977512, 1049172, 596488, 820438, 42369, 55956, 60146, 40000
1110741, 922877, 588308, 819911, 44313, 58079, 55817, 38432
975671, 1046444, 590694, 823942, 38800, 50438, 63809, 43762
1113409, 927177, 598545, 822376, 42148, 56341, 60392, 40487
984228, 1052118, 605730, 808452, 32216, 42758, 74168, 50195
1110218, 920668, 581357, 837785, 22908, 30846, 86432, 58372
971816, 1048826, 582390, 833911, 55262, 73600, 40249, 27979
1109476, 913429, 605751, 802719, 60747, 79962, 33203, 22565
965117, 1046999, 598272, 816085, 40872, 54336, 60415, 41054
1106594, 915185, 586507, 827357, 36457, 48147, 67146, 46123
969621, 1049690, 587182, 826058, 41788, 54911, 59699, 40691
1105952, 925864, 597829, 815217, 43082, 57322, 58019, 39285
978224, 1048342, 603711, 799242, 28754, 37666, 78677, 52967
1109074, 921951, 587899, 836944, 29245, 38505, 78409, 54013
976511, 1047928, 582866, 838974, 57294, 74191, 39859, 27036
1111650, 926019, 599531, 807104, 51624, 69048, 45982, 31492
1030304, 993049, 591127, 821528, 50678, 66557, 45556, 33638
1036489, 981946, 593579, 812732, 46335, 59410, 54716, 36063
1029483, 992887, 603079, 806309, 37035, 51271, 63771, 45058
1030566, 978999, 593218, 817634, 39355, 49134, 64176, 43393
1039248, 1001281, 587200, 829165, 28879, 39980, 75750, 54282
1035246, 987116, 599829, 811590, 27262, 34676, 82048, 54279
1034203, 998253, 600175, 814924, 58117, 79596, 35085, 25404
1039553, 988381, 583868, 829945, 56812, 72546, 40730, 26844
1031688, 997930, 593245, 821191, 35178, 47601, 66180, 48447
1035429, 989011, 596315, 821730, 36369, 47204, 69249, 45387
1035110, 998680, 597629, 820027, 47113, 65143, 51115, 36084
1038137, 989008, 589016, 823053, 47363, 60128, 53600, 35547
1036087, 999453, 598094, 807848, 44958, 60714, 53406, 38582
1042130, 989130, 583412, 832875, 43936, 55885, 59165, 38673
1039690, 1000554, 584132, 832936, 47647, 65893, 50072, 34977
1043161, 992303, 601943, 804487, 41697, 53285, 61241, 40830
1039641, 1000920, 600883, 804920, 53748, 73098, 40892, 29869
1040480, 985945, 588160, 827835, 55212, 69602, 43218, 28732
1038807, 998666, 585358, 830796, 33192, 46342, 68646, 49284
1040401, 987939, 601723, 802186, 29298, 36557, 78299, 52472
1034412, 997620, 590147, 828730, 54646, 75098, 40188, 29124
1039743, 987435, 584805, 818408, 54204, 70174, 43481, 27982
1035265, 997738, 591552, 815242, 25512, 36001, 79736, 56521
1034485, 985599, 593451, 826212, 20706, 26983, 89769, 59711
1032204, 994909, 596221, 824818, 58221, 79046, 35275, 25528
1036988, 985614, 592623, 819058, 52950, 68230, 45857, 30054
1033006, 996461, 592275, 819906, 26782, 37521, 78667, 54957
1028901, 982455, 594948, 827156, 36853, 47086, 67537, 44931
1023372, 987078, 580527, 837074, 32351, 45464, 69143, 48799
1028125, 979437, 609076, 801217, 28278, 35647, 79143, 53215
1025044, 990630, 607275, 800304, 53989, 73534, 39246, 28943
1028721, 977065, 584142, 834509, 52576, 66720, 45718, 30076
1024300, 986299, 583215, 839307, 45300, 62095, 52391, 37601
1026021, 972974, 601397, 806022, 40945, 51760, 62170, 40953
1025514, 988615, 602592, 807598, 41933, 57722, 56155, 40582
1026124, 977885, 588670, 834777, 42762, 53985, 59747, 39482
1027201, 992634, 588387, 836113, 47998, 67136, 48777, 34697
1021441, 975248, 603622, 806543, 48116, 60540, 51706, 34977
1026032, 989104, 605310, 798801, 32724, 44516, 68821, 49287
1033155, 982033, 581115, 843652, 33727, 43775, 72924, 46832
1028958, 991570, 592545, 826419, 38705, 53410, 61273, 43979
1031075, 977500, 608817, 803123, 19600, 23987, 91406, 61417
1025782, 989930, 607773, 802464, 53079, 70597, 41689, 30857
1029544, 976862, 588244, 832694, 56870, 72837, 40065, 26124
1024755, 993179, 583461, 841472, 39795, 57245, 59328, 41439
1023308, 971622, 601761, 804450, 41366, 51772, 60628, 40586
1021630, 987830, 605037, 802224, 41632, 56105, 56136, 41634
1026146, 976246, 584461, 837030, 39772, 51953, 63879, 40757
1025304, 989896, 593994, 820505, 21793, 30479, 85214, 59880
1036543, 981441, 596486, 824818, 26323, 33542, 83576, 55210
1033891, 995993, 600174, 824696, 56595, 76441, 38237, 27790
1035233, 982100, 591447, 821876, 58072, 75167, 38116, 24737
1031334, 994796, 608716, 800497, 33162, 44856, 69753, 49955
1034358, 982782, 584937, 843516, 32807, 43116, 74196, 48273
1032384, 994409, 584025, 838962, 49002, 68027, 47885, 33887
1026209, 976054, 601770, 801031, 48774, 61816, 50074, 33253
1027316, 993620, 590034, 818322, 26846, 37396, 77446, 54745
1024298, 975855, 590633, 827737, 20782, 26849, 89587, 59355
1025656, 991918, 593297, 824443, 59385, 81116, 32828, 24072
1031075, 977696, 593939, 816459, 55861, 71652, 41615, 27195
1029489, 993665, 595343, 814063, 57866, 80486, 34521, 24286
1034863, 982582, 590967, 830322, 57005, 72001, 40663, 27213
1038031, 1002302, 589660, 827259, 22476, 31461, 84585, 60499
1035938, 989244, 604343, 814574, 27497, 35078, 81914, 54672
1038280, 1000449, 597214, 819364, 49017, 67841, 47880, 34308
1038626, 988155, 594193, 822170, 52227, 65174, 47653, 32370
1037209, 999574, 595119, 822501, 40298, 55127, 59680, 43333
1032303, 985037, 598680, 817522, 37852, 47921, 67001, 44420
1036341, 1000401, 611771, 803563, 50496, 69170, 45646, 33334
1033714, 983919, 585926, 832496, 53156, 67026, 46267, 30663
1029117, 994827, 589135, 832424, 33729, 47492, 68303, 48436
1029625, 980263, 612516, 796086, 27078, 33938, 81354, 54544
1031841, 995957, 605763, 803154, 38790, 53581, 61774, 44205
1030713, 980335, 592929, 821569, 35877, 45064, 69163, 46833
1029041, 993390, 593882, 821038, 44345, 59576, 53493, 39714
1034133, 983005, 605156, 811225, 47177, 60520, 54236, 35188
1028906, 993506, 603644, 809184, 44285, 60779, 54019, 38375
1030771, 980495, 584247, 836640, 42677, 53834, 60083, 40235
1034450, 994834, 581415, 836460, 45433, 60583, 53338, 38635
1034779, 984428, 610923, 798000, 41968, 53492, 61288, 40749
1053269, 983953, 593083, 823357, 27526, 35793, 79836, 55245
1037158, 1001464, 601632, 810767, 26639, 36040, 81240, 55135
1058813, 987243, 596366, 818616, 58913, 78250, 37637, 24909
1038011, 1001489, 591276, 817603, 58317, 75697, 37554, 26347
1056953, 984048, 585023, 826574, 39470, 51079, 64572, 43440
1042457, 1005302, 599867, 814196, 39800, 53854, 63090, 42930
1058380, 988458, 597491, 816233, 43670, 58710, 58403, 38616
1043780, 1004907, 586641, 829980, 43540, 57335, 57814, 39904
1062942, 989598, 591195, 820821, 26782, 34729, 81504, 55452
1042486, 1002313, 597738, 819574, 28770, 39610, 78248, 53002
1063221, 993261, 596573, 821452, 52176, 68611, 47584, 31547
1044210, 1004544, 591838, 820917, 58415, 75612, 37855, 27026
1063683, 989928, 602572, 808155, 27596, 34915, 81263, 56095
1042378, 1007461, 582818, 836627, 34324, 47532, 70363, 48078
1059898, 990454, 584863, 839856, 52615, 69543, 46973, 30884
1040537, 1005193, 596966, 809775, 49023, 65482, 49099, 34848
1060153, 988697, 599854, 800281, 27676, 36131, 80681, 54168
1046845, 1007599, 586937, 828189, 28295, 37569, 79571, 54989
1062473, 990859, 584024, 830762, 56754, 73441, 40798, 28078
1040547, 1006452, 603334, 804901, 56374, 74164, 39804, 28297
1061581, 989806, 589090, 827796, 36610, 48760, 68871, 46301
1038651, 1004389, 590942, 817442, 38311, 51324, 64903, 44341
1059868, 987297, 590081, 816802, 47062, 61635, 53154, 36301
1039310, 1002536, 590738, 824954, 44271, 60631, 56259, 38415
1058559, 990023, 593955, 822855, 21635, 28854, 89572, 60390
1044732, 1005015, 589793, 824312, 28322, 38595, 79052, 53712
1061025, 991547, 589859, 823228, 57495, 75238, 39414, 26516
1039636, 1002902, 591903, 827379, 57859, 77464, 37583, 25572
1056558, 986343, 583350, 837313, 45108, 57883, 57017, 39305
1037973, 1005570, 607543, 797164, 44040, 59006, 56268, 38607
1060587, 989756, 604468, 801801, 36947, 47654, 68424, 45567
1040051, 1004947, 578521, 839284, 34728, 46700, 69387, 48003
1056520, 985579, 584453, 831742, 34962, 45428, 70274, 47367
1037055, 999723, 605158, 805634, 36261, 48656, 67043, 46437
1054563, 982956, 614256, 802643, 50915, 65684, 48451, 33404
1032299, 998013, 590475, 834451, 49309, 64314, 50034, 35223
1051158, 981426, 582806, 845412, 39644, 53473, 64435, 42052
1033695, 1001969, 603935, 814015, 45214, 60262, 54310, 38401
1051760, 982246, 604663, 810980, 41788, 53686, 61351, 41854
1036343, 1000449, 583219, 842322, 41517, 57710, 59729, 40152
1050988, 980027, 586319, 828583, 57512, 74357, 38302, 26587
1031258, 995034, 606405, 799341, 56794, 73859, 38969, 27355
1046298, 974994, 604969, 803377, 32881, 42003, 72089, 49885
1031378, 996585, 586587, 828722, 35200, 46522, 68970, 47822
1057429, 989994, 584283, 831461, 49226, 65180, 51047, 34340
1031306, 996167, 601344, 802359, 50876, 66062, 46530, 33017
1052429, 980869, 596971, 805973, 32411, 41742, 72968, 50263
1033833, 997957, 583471, 833626, 30103, 41376, 76387, 52127
1054865, 984963, 591807, 818904, 53223, 70091, 44880, 30424
1040172, 1002137, 594911, 824426, 52844, 70181, 44745, 31325
1063112, 995125, 598035, 827708, 26988, 36064, 83261, 55792
1044587, 1007564, 595938, 822310, 20821, 28603, 89131, 61467
1064927, 995442, 608291, 807703, 45409, 58287, 57662, 39273
1041499, 1005441, 582900, 840888, 43333, 59384, 57504, 39027
1061144, 990646, 584463, 842488, 39498, 52416, 65570, 43499
1041346, 1005130, 603000, 813586, 41444, 54484, 61006, 42098
1056932, 990127, 600103, 814423, 54127, 70049, 44333, 30296
1037983, 1001307, 592131, 832707, 49022, 66842, 49011, 33568
1057691, 989129, 594175, 830055, 32860, 43664, 74427, 49821
1034885, 1000383, 602086, 816251, 37915, 49997, 64762, 45812
1056213, 984446, 606644, 819134, 40753, 53608, 63376, 42479
1033517, 997649, 587001, 832336, 45864, 61234, 53406, 37086
1056428, 986476, 588598, 832396, 41318, 52984, 62573, 42263
1034081, 1001467, 601023, 820009, 38886, 52746, 63938, 43979
1049024, 976928, 596048, 822006, 58312, 77435, 37378, 24703
1027726, 991199, 592805, 824259, 55041, 71625, 41185, 28752
1048941, 975201, 596518, 823189, 32039, 41054, 74003, 50518
1031063, 998458, 599269, 820745, 28183, 37835, 78985, 53873
1056088, 984058, 611396, 802895, 39196, 51198, 64666, 44128
1036699, 999404, 583674, 840190, 41021, 54926, 60979, 42058
1054083, 979564, 578837, 843922, 46008, 60207, 54792, 36505
1029319, 995942, 605282, 804587, 44326, 58995, 55689, 38742
1050284, 975262, 602486, 812216, 58060, 76202, 37831, 25853
1030128, 992241, 587120, 825537, 57446, 75060, 37383, 25891
1050516, 977797, 592843, 831682, 23973, 31532, 85526, 58218
1026839, 993945, 601395, 815172, 23558, 31990, 84510, 58014
1048929, 976192, 611278, 796810, 51531, 66898, 46521, 32010
1036863, 1001305, 578941, 842942, 53001, 69868, 44868, 30584
1049425, 974968, 586884, 835147, 32966, 43741, 72222, 48687
1030277, 995365, 606716, 806822, 32733, 43804, 71826, 49201
1031902, 997388, 592980, 825146, 60356, 78120, 35136, 24481
1050801, 978730, 604016, 810931, 64098, 84124, 28737, 19813
1033890, 998897, 605135, 809934, 24558, 33660, 83782, 57592
1055480, 981934, 592726, 827106, 23445, 30560, 86026, 58499
1032980, 996958, 583732, 828977, 45875, 60620, 53981, 37304
1054924, 983748, 600290, 813592, 41608, 54736, 61549, 40996
1036358, 1001261, 602582, 816583, 36815, 50624, 67205, 45407
1060211, 989450, 587067, 832209, 39006, 50456, 65596, 44272
1037051, 1001745, 597401, 827669, 59530, 77695, 35559, 25469
1054890, 982278, 595604, 824224, 57531, 76572, 38671, 25487
1038020, 1002919, 595964, 820785, 29097, 39965, 77931, 52855
1051916, 978513, 592725, 823902, 19416, 24736, 91484, 62299
1035918, 1000330, 603833, 807952, 56724, 73408, 39979, 28131
1050649, 979954, 582108, 836663, 48744, 65148, 50951, 33423
1036757, 1003431, 589647, 836723, 30215, 41859, 76044, 52008
1050501, 978571, 605659, 810550, 32330, 41243, 73689, 50942
1037464, 1002233, 608195, 807497, 55460, 72689, 41343, 28782
1059737, 987149, 585028, 834339, 62355, 80323, 33087, 22847
1035899, 999099, 584428, 829849, 31824, 42528, 73299, 50250
1055054, 985307, 609307, 805095, 29931, 38478, 76740, 53437
1031824, 996027, 590610, 831905, 47159, 63961, 52492, 34998
1054406, 983222, 599976, 814018, 52160, 67002, 46887, 32079
1031813, 996388, 597933, 816121, 36581, 48464, 66288, 46084
1053338, 986106, 590511, 831179, 32756, 44327, 73224, 49054
1034910, 1000303, 598194, 821616, 53271, 70823, 44077, 30596
1054337, 982988, 591571, 822324, 64607, 84008, 28857, 20122
1037408, 1001780, 592500, 820561, 22337, 30473, 86739, 59553
1058654, 986589, 595096, 822807, 26647, 35267, 82840, 55367
1040772, 1002533, 587195, 834636, 41731, 55187, 60874, 42461
1059914, 984833, 606428, 803008, 40010, 52795, 63443, 42353
1035478, 1000984, 609758, 801127, 47459, 62630, 52400, 36354
1056233, 983544, 580273, 837423, 42809, 55431, 59889, 40703
1034335, 1001069, 583021, 834429, 49584, 65674, 49202, 34280
1056616, 982274, 607385, 802409, 49149, 64108, 51386, 34443
1038372, 1003559, 604421, 805430, 37083, 49679, 65840, 45260
1056378, 984487, 584655, 835703, 33376, 43406, 72715, 50013
1041120, 1004606, 573909, 852041, 45327, 61442, 56053, 37678
1058230, 986403, 609679, 800984, 42479, 54609, 61056, 41719
1042242, 1004004, 605580, 804217, 45602, 59853, 54848, 38830
1058187, 989163, 587985, 834795, 41043, 54690, 62773, 41847
1039642, 1005274, 589579, 829187, 29834, 39815, 76816, 53755
1054678, 987832, 606537, 805365, 31633, 40854, 74715, 51322
1043355, 1008922, 608410, 804115, 60264, 78482, 35246, 24987
1058589, 987520, 585701, 832288, 59373, 76701, 37096, 25397
1044234, 1005902, 581337, 837290, 34112, 47324, 70550, 47709
1059533, 988468, 600608, 810260, 34373, 44195, 71734, 48786
1038628, 1001545, 605430, 806109, 60625, 79304, 34029, 24283
1055451, 984653, 580515, 838676, 56720, 75687, 40216, 26511
1041210, 1005209, 591506, 826917, 24544, 33351, 84620, 57535
1060810, 992362, 600131, 829491, 25480, 33911, 85400, 57307
1040898, 1005431, 597914, 827534, 57581, 75815, 39240, 27244
1057599, 984719, 594919, 824289, 62790, 81980, 32322, 22053
1040607, 1003853, 604184, 802891, 41806, 55256, 59297, 41075
1064472, 993577, 585348, 839010, 40934, 53948, 63869, 42363
1040264, 1003696, 583196, 835460, 43981, 59955, 56466, 38343
1059693, 989102, 605315, 804694, 41725, 54154, 61895, 41741
1040491, 1003387, 590855, 822398, 36884, 49583, 67103, 46372
1058087, 985624, 588950, 824145, 33545, 44541, 73004, 48410
1037176, 1001510, 586323, 835831, 51333, 69442, 46861, 31833
1056010, 984426, 589122, 814630, 48862, 63231, 51404, 34835
1033964, 996923, 596517, 813574, 41578, 56571, 60368, 40734
1054990, 983002, 584810, 827963, 42850, 55703, 59878, 40518
1037785, 1000115, 581957, 828816, 50469, 66636, 46788, 33237
1058517, 985347, 599328, 817489, 47981, 63716, 53282, 35027
1036374, 999770, 592982, 819637, 25779, 36242, 81908, 55271
1056096, 983069, 593053, 819616, 27498, 35392, 80487, 55336
1032131, 998554, 592591, 820503, 59900, 78384, 34694, 24742
1054142, 982090, 592899, 818938, 53860, 70950, 44241, 29528
1035844, 999334, 605659, 796727, 42592, 56985, 58421, 40032
1052888, 982842, 580325, 837704, 46180, 59657, 55055, 38023
1034061, 999086, 583287, 832741, 44870, 59286, 55362, 38850
1056615, 984059, 607326, 801309, 44422, 57372, 58100, 39043
1035491, 999725, 596304, 812002, 33087, 44388, 72003, 49175
1057511, 987630, 589339, 821488, 24225, 30807, 85089, 58756
1038128, 1001283, 588008, 820921, 58682, 75712, 36813, 26508
1054501, 984647, 600934, 810410, 55311, 72198, 43053, 29147
1035422, 1001402, 609496, 795144, 38492, 51134, 64247, 44708
1054837, 985844, 584510, 834268, 33283, 42474, 73778, 50606
1042005, 1007051, 589939, 833251, 49964, 65621, 49416, 35108
1060168, 992557, 611705, 796547, 51861, 67110, 48399, 32727
1042697, 993821, 596274, 816627, 42235, 51919, 61603, 42145
1040741, 1001804, 602881, 811333, 37664, 52482, 63883, 45031
1034127, 987054, 598381, 809828, 41313, 53416, 61784, 40469
1034995, 996553, 587671, 822350, 45761, 62513, 51426, 37452
1038960, 986642, 582503, 827118, 62602, 79506, 32045, 21203
1034475, 999438, 601493, 813018, 56908, 77845, 36792, 26740
1034875, 987301, 598639, 813501, 28043, 35808, 80785, 53696
1034213, 997267, 577616, 826193, 27004, 37900, 77078, 54269
1037894, 984264, 587570, 819881, 47136, 59761, 53805, 35749
1037418, 999931, 594642, 817011, 45802, 63222, 52248, 37016
1034816, 984196, 593153, 814728, 39311, 50173, 65098, 42525
1034936, 995997, 589885, 816730, 38616, 52649, 61458, 44716
1041433, 989341, 598240, 802869, 42637, 53763, 60467, 39756
1043026, 1003007, 582821, 831977, 45204, 62723, 53465, 37912
1040304, 989839, 586602, 829329, 38050, 48886, 67596, 44433
1034731, 996748, 602142, 805252, 42150, 57136, 56930, 41620
1043777, 991239, 601835, 803523, 39694, 49724, 65132, 43569
1039449, 1000116, 585040, 821808, 32974, 44501, 69891, 50128
1037182, 988795, 584286, 824781, 54157, 68615, 43749, 29013
1037276, 997121, 603417, 799087, 56956, 77025, 36669, 26471
1037210, 986961, 586799, 826425, 20306, 26370, 91761, 60185
1036445, 996000, 597050, 811407, 24547, 33914, 82022, 58001
1040138, 990321, 590169, 820459, 59651, 76393, 37217, 24439
1036441, 998399, 590257, 823828, 62119, 84493, 29425, 21533
1032251, 985585, 596461, 816370, 19070, 24395, 92360, 61822
1035078, 997109, 593585, 817840, 25125, 34839, 81606, 56648
1033068, 983564, 587446, 818843, 58497, 75416, 37570, 24620
1029712, 993265, 594263, 819424, 53797, 73431, 40889, 29413
1025717, 976744, 580600, 828585, 55069, 70198, 41930, 27671
1033572, 994447, 604721, 800250, 55868, 76884, 37465, 27342
1032176, 979211, 603072, 801698, 28217, 35979, 79584, 52719
1030767, 995114, 579338, 834505, 32549, 45498, 70118, 49555
1031881, 983496, 589434, 823680, 46055, 58013, 55301, 37133
1035888, 997627, 604225, 799842, 41942, 57513, 57900, 41173
1036399, 983096, 606330, 795304, 41906, 52580, 61608, 40709
1033551, 996702, 577594, 835173, 44851, 61198, 53019, 38122
1035753, 986218, 576395, 841031, 32914, 43191, 74537, 48103
1034645, 996368, 605283, 788098, 30279, 41612, 73271, 52088
1032160, 982237, 594808, 807668, 47414, 60733, 53125, 34845
1040560, 997646, 579028, 841409, 53757, 73125, 42085, 29998
1036022, 983633, 586592, 822279, 52821, 66279, 46365, 30713
1039938, 1001045, 602679, 805202, 51291, 69729, 44511, 32527
1038760, 989085, 601562, 804463, 34753, 43615, 70541, 47540
1037653, 999983, 583662, 826963, 29883, 41343, 74505, 53247
1037140, 985051, 583074, 831177, 38548, 49897, 66214, 43244
1039867, 1001112, 601705, 805305, 44230, 60722, 54323, 39321
1037540, 987615, 600674, 799621, 43382, 54887, 58943, 39188
1037992, 1000852, 577961, 833397, 40485, 56279, 59889, 42273
1037481, 986152, 585084, 815476, 56501, 73194, 40372, 25828
1038708, 1000210, 591738, 821162, 52936, 71602, 42992, 31068
1034036, 984182, 590128, 819405, 24939, 31841, 84098, 55977
1034211, 997410, 587030, 822559, 26919, 37865, 77897, 54447
1038087, 986719, 604106, 795286, 51334, 65534, 48061, 31408
1033293, 997798, 576527, 837098, 51406, 71267, 44166, 31194
1039280, 989337, 580148, 835313, 31855, 41429, 74907, 49279
1042584, 1003368, 605081, 797370, 32659, 44741, 69675, 49972
1035929, 985155, 590358, 810278, 61747, 79098, 33193, 21553
1034427, 998969, 592833, 822608, 59075, 81158, 33559, 24363
1036859, 988411, 590476, 822580, 26459, 34035, 82798, 54412
1036028, 997543, 588988, 812953, 26290, 36756, 78934, 55239
1036162, 986621, 597548, 810925, 20311, 26283, 91203, 60468
1032913, 991378, 579524, 826615, 22777, 32230, 83246, 58151
1037614, 986949, 580333, 827050, 61017, 77549, 35089, 23252
1033666, 996799, 598488, 816435, 50376, 69344, 45495, 33190
1029774, 980932, 597741, 818025, 36209, 46182, 69152, 45408
1030579, 994819, 589828, 817117, 38124, 52252, 61494, 44777
1027401, 980511, 590287, 818373, 45316, 56297, 56313, 37852
1029277, 993507, 596414, 812680, 47280, 64895, 49597, 35419
1032617, 980501, 603247, 802683, 32727, 40926, 73663, 48929
1028008, 992141, 579365, 836872, 28577, 40079, 74987, 53023
1028220, 978486, 580276, 833071, 51570, 65405, 46946, 31218
1022864, 987070, 601533, 800728, 49714, 67308, 45822, 33139
1034867, 983031, 601964, 805287, 47343, 60951, 53554, 34967
1027858, 992801, 593332, 820909, 46618, 62508, 50385, 37091
1030508, 980267, 589999, 824084, 36950, 46283, 67024, 45208
1026832, 992882, 601091, 812205, 38505, 53126, 61926, 43712
1033528, 984234, 616249, 789604, 44294, 55846, 57461, 38755
1029111, 992276, 579951, 831166, 42825, 58492, 55703, 39882
1033747, 983743, 580387, 836668, 42284, 53826, 60859, 40340
1030122, 991496, 606641, 796849, 40031, 54186, 59793, 42689
1088399, 938689, 590981, 821180, 32978, 44236, 70916, 49912
985933, 1030579, 598525, 813369, 31759, 41803, 74423, 49825
1086169, 940140, 603413, 808909, 57774, 76942, 37039, 25924
980908, 1023773, 588615, 822631, 58488, 74713, 36920, 25198
1084983, 938305, 585872, 827806, 15960, 20878, 94896, 65504
982682, 1025439, 599089, 812875, 25293, 33342, 82822, 55908
1091527, 944329, 597580, 813852, 65996, 88408, 25679, 17356
982306, 1031134, 582890, 833022, 59937, 78563, 34282, 23285
1086720, 931864, 588997, 823551, 23284, 30889, 84348, 58399
973585, 1025825, 593266, 822307, 21005, 28799, 88312, 59120
1085462, 927907, 593114, 821292, 57842, 78065, 36503, 25055
974022, 1023500, 588168, 820176, 59138, 76986, 34821, 24184
1084781, 930168, 601594, 804636, 40282, 53195, 60431, 42424
969147, 1022235, 584259, 827944, 42166, 55603, 59043, 39293
1080851, 929280, 581776, 834117, 44227, 59970, 55005, 37439
979388, 1027115, 606464, 802416, 48040, 60784, 51320, 36168
1088523, 941780, 605950, 805043, 49482, 64845, 48748, 34501
985044, 1030018, 590080, 829905, 48106, 62347, 51659, 35464
1089473, 946572, 585477, 832727, 34862, 46654, 68776, 47577
992405, 1028836, 604625, 801732, 36041, 46651, 67332, 46297
1085112, 943457, 590007, 827372, 50125, 68555, 47589, 32069
984481, 1026958, 593533, 818137, 50805, 65680, 47178, 32371
1089760, 940932, 593037, 816861, 34007, 44580, 69838, 48586
979386, 1024719, 592698, 825492, 29506, 39997, 76445, 51356
1083539, 937616, 598407, 820636, 45192, 61183, 54463, 37154
982394, 1023985, 588362, 816353, 42182, 54273, 58554, 40183
1084957, 942225, 592503, 817071, 46654, 62611, 51946, 35930
982190, 1026644, 591225, 821151, 41734, 55539, 59136, 39909
1081306, 932178, 575736, 834050, 24712, 33744, 81870, 56247
975717, 1020172, 606158, 796051, 20404, 26871, 89129, 59830
1086009, 939550, 604134, 796857, 60953, 80008, 32446, 22979
984334, 1028513, 581226, 835446, 62929, 80947, 31059, 21392
1087176, 944389, 579293, 834684, 25678, 35315, 80998, 56192
984004, 1026939, 601546, 802577, 30477, 40140, 75508, 51186
1086631, 940829, 603840, 797598, 57722, 76149, 37191, 26307
982790, 1025021, 577498, 840398, 61238, 79215, 33758, 22326
1087136, 940962, 576868, 840632, 41207, 56912, 60163, 40324
988098, 1028253, 602492, 804870, 40668, 52870, 61245, 41530
1092166, 946555, 603271, 803418, 43385, 58018, 57058, 39990
991238, 1029428, 584958, 836066, 43240, 57750, 58492, 39295
1095480, 952740, 587651, 830762, 37139, 48888, 66885, 46462
988550, 1030290, 601241, 804678, 38588, 49764, 63956, 44022
1090273, 948195, 602522, 806301, 46033, 59756, 53632, 38191
987493, 1027579, 579570, 829780, 50539, 65256, 47684, 32362
1083204, 938839, 583626, 826966, 47822, 65328, 50347, 34268
985535, 1028812, 597798, 804785, 46368, 59940, 53202, 36642
1082198, 937048, 595958, 801500, 41153, 54406, 58672, 41170
982354, 1025672, 583426, 829411, 39480, 52152, 63003, 42238
1086150, 940653, 597688, 816166, 43515, 57668, 56729, 40013
979551, 1024211, 592427, 821936, 43270, 57083, 58003, 38625
1086084, 941487, 592929, 822923, 41577, 56351, 59323, 41273
977716, 1021747, 587175, 816249, 41121, 54135, 60077, 40153
1086859, 940878, 602651, 799106, 44024, 58444, 55497, 39179
989770, 1030222, 581545, 843443, 43613, 58347, 58222, 38523
1090877, 946075, 579445, 843002, 41753, 57290, 60002, 40204
993995, 1033695, 605224, 804257, 39819, 51134, 63973, 43438
1087855, 943810, 591366, 816664, 34578, 45769, 69037, 47748
984299, 1027296, 591533, 824938, 34987, 46197, 69933, 46697
1086701, 945845, 588292, 827297, 43335, 58915, 57165, 39394
984765, 1026805, 594258, 814553, 51253, 65834, 46146, 31851
1085366, 941444, 599990, 814064, 61977, 83116, 31688, 21810
992588, 1032660, 587021, 829631, 63242, 82212, 30716, 21468
1090151, 945790, 586012, 829832, 28499, 38476, 77625, 53456
990540, 1032015, 602263, 814436, 27472, 36286, 80599, 54391
1087523, 944660, 597916, 822114, 63164, 85216, 29982, 20718
984256, 1028892, 589005, 821547, 60019, 77582, 34391, 23271
1089397, 942404, 591803, 822447, 27241, 35492, 79402, 55538
980176, 1024077, 593315, 817702, 18591, 25063, 91954, 61268
1094055, 947765, 606637, 793724, 64365, 85441, 28295, 19901
982499, 1027606, 578798, 838044, 61187, 79482, 33231, 22174
1089468, 939260, 579889, 836343, 24078, 33286, 83255, 57986
985226, 1027873, 603596, 803915, 27605, 36167, 79857, 53467
1086711, 940528, 597647, 806733, 60400, 81681, 32489, 22506
990399, 1028940, 589376, 820096, 52733, 67494, 45825, 30847
1093950, 950371, 595980, 820559, 34695, 46234, 69040, 48570
995236, 1033655, 602344, 812239, 27203, 35143, 81126, 54871
1092005, 949055, 610758, 800331, 57750, 76469, 37524, 26834
993619, 1033397, 583951, 841242, 60922, 78551, 34774, 23542
1090344, 949128, 584464, 835939, 29085, 39203, 77191, 53689
990694, 1034982, 608104, 808615, 29382, 38355, 77111, 53039
999019, 1024214, 592031, 827879, 36825, 49305, 65389, 46654
1081067, 951709, 599677, 816389, 36054, 45579, 70230, 46373
993893, 1025478, 602982, 809812, 44067, 59429, 54441, 38950
1081128, 950731, 590169, 833681, 46514, 58433, 55947, 37338
996055, 1022351, 586912, 828803, 28573, 39616, 76132, 53135
1080561, 944465, 598423, 813718, 27833, 35822, 81024, 53077
990357, 1022922, 603172, 811593, 49974, 67712, 45965, 33306
1080675, 943197, 584945, 828644, 53369, 67454, 45539, 30069
994661, 1028494, 595533, 822938, 28781, 39534, 75269, 54658
1083180, 949921, 596670, 819809, 27599, 35089, 82182, 53733
993723, 1023773, 594041, 816675, 56850, 77408, 36391, 26292
1074765, 943061, 585994, 819331, 59862, 75855, 36181, 23747
997198, 1023431, 597284, 800588, 22151, 30780, 83683, 59683
1080083, 943202, 579782, 833821, 25075, 32623, 84835, 55230
996739, 1025559, 581287, 839556, 63914, 87322, 27514, 19589
1077001, 946490, 599984, 801604, 64687, 81670, 29800, 19997
998055, 1025713, 602852, 805302, 36193, 49634, 65051, 46585
1079620, 947082, 588539, 829385, 35962, 45148, 70136, 46881
996668, 1027553, 590197, 830745, 49275, 66512, 47502, 34227
1080886, 948850, 607951, 804685, 48985, 61804, 52115, 35230
996095, 1026459, 592481, 831081, 52155, 72245, 43331, 30592
1079259, 941204, 590502, 815881, 55980, 71238, 41174, 27175
990743, 1023055, 593770, 814199, 28601, 39301, 75596, 53352
1077065, 941102, 596811, 818624, 35058, 45252, 70836, 46819
997055, 1025470, 596258, 826798, 41472, 57093, 58713, 41373
1080973, 947250, 589554, 820733, 44389, 57223, 57423, 37928
998786, 1027988, 588220, 823094, 40908, 56106, 58241, 41367
1084208, 954243, 592878, 827329, 43720, 56178, 60067, 39302
998836, 1025897, 577183, 834919, 42524, 57832, 56796, 40470
1084373, 949847, 602383, 798856, 42484, 54939, 61137, 39625
1002196, 1024256, 602193, 798171, 44228, 59590, 55287, 38556
1081396, 953394, 572708, 836509, 42406, 53739, 60230, 40749
1005978, 1028755, 577108, 831874, 45992, 61619, 53098, 37667
1084663, 957996, 605625, 793764, 48468, 62117, 52431, 34770
1004317, 1025816, 613392, 787617, 32945, 44413, 70748, 49694
1079422, 955932, 586860, 826279, 40979, 51736, 62865, 41934
1006442, 1031519, 576021, 847004, 56744, 78472, 37681, 26169
1084499, 959585, 595280, 812884, 48919, 63458, 50999, 34072
1004968, 1028362, 600148, 807664, 30528, 41007, 74703, 52099
1080496, 956175, 582533, 838430, 29835, 39334, 78582, 51806
1004230, 1026570, 588810, 831395, 51666, 68523, 45163, 32423
1082987, 954166, 607632, 802652, 50729, 64150, 49833, 33685
1004951, 1029274, 606905, 800773, 34287, 46339, 68073, 49143
1081575, 954975, 589852, 828934, 34437, 43390, 71726, 48747
1001486, 1028803, 590821, 838562, 57870, 77881, 36956, 26263
1079674, 950605, 605188, 805151, 61172, 77517, 35033, 23199
992724, 1023956, 602211, 804176, 25532, 35536, 78754, 56350
1077139, 940805, 588525, 827546, 34961, 44695, 71878, 46631
988687, 1022145, 592164, 821852, 41149, 56864, 57355, 40879
1078528, 942939, 594002, 823220, 43611, 55745, 59840, 39027
993316, 1024009, 593100, 825106, 39872, 55323, 60403, 42500
1077332, 940580, 588328, 817156, 45438, 57640, 56010, 37099
985249, 1020280, 598260, 800776, 29254, 41026, 73305, 51894
1073108, 936435, 575543, 840805, 26917, 35192, 82778, 53345
991479, 1023687, 575967, 838783, 54939, 75540, 39446, 27383
1084897, 944377, 600348, 804654, 54493, 69564, 44454, 29060
999845, 1028036, 589613, 816692, 26621, 36327, 79244, 55620
1083399, 952851, 589712, 827178, 32373, 41793, 75678, 49519
999890, 1026212, 591465, 824264, 49222, 67704, 48020, 33621
1081910, 950698, 588749, 821747, 55711, 71409, 42190, 28225
995802, 1027283, 600576, 812581, 49651, 67292, 46630, 33230
1081124, 950944, 588538, 828880, 49675, 63110, 51024, 33944
996125, 1028080, 588020, 827992, 27646, 37574, 77244, 55256
1081140, 947357, 601838, 813728, 38178, 49090, 67423, 43933
993593, 1023719, 594122, 818722, 64494, 88366, 25728, 18605
1077151, 941709, 590927, 820523, 55880, 69884, 42636, 28183
993336, 1023290, 589020, 821754, 36063, 49218, 65093, 46020
1081106, 942087, 594441, 819832, 24706, 30917, 86642, 55873
990149, 1024675, 606424, 804776, 43669, 59823, 54169, 39026
1082019, 949587, 583563, 834937, 41622, 52750, 62671, 41152
995208, 1026104, 581611, 840201, 39442, 53955, 61276, 43343
1080934, 944510, 606795, 799234, 45399, 57102, 56841, 37424
988722, 1021824, 595113, 814225, 45843, 63204, 51071, 36397
1077031, 935948, 589092, 820018, 44689, 56065, 57487, 37951
986438, 1018504, 591130, 821655, 38702, 52834, 60621, 43635
1080123, 942311, 599987, 809203, 46165, 59180, 55270, 37093
985511, 1024083, 600394, 803679, 38847, 53862, 60305, 42995
1081274, 944000, 575394, 837902, 33735, 43217, 72446, 48110
995288, 1021783, 583381, 832940, 47314, 64035, 50047, 35806
1080189, 945574, 607231, 794912, 50761, 64266, 49250, 32719
1084301, 949336, 591654, 817097, 49565, 62401, 51508, 34363
999251, 1027858, 594563, 820267, 45518, 62614, 52843, 37225
1084497, 949375, 602351, 815247, 41242, 52498, 63281, 42120
993696, 1024907, 586488, 826107, 40103, 55202, 59716, 42588
1081828, 949284, 583717, 831837, 61075, 78527, 35105, 23572
1000637, 1028872, 601669, 815154, 48645, 66345, 49384, 34931
1084420, 953413, 600388, 813386, 27343, 35204, 81921, 54517
995390, 1026745, 587311, 828567, 30661, 42072, 72715, 52040
1082635, 947029, 586881, 821255, 57224, 72744, 40541, 26773
1001591, 1025292, 591506, 819491, 56806, 77848, 36871, 26006
1084136, 956012, 594589, 820298, 33929, 43863, 72600, 47756
1004963, 1027835, 593452, 821741, 23495, 32425, 82677, 58895
1087447, 960706, 606024, 803744, 62762, 79378, 33715, 22715
1004295, 1030292, 586575, 836593, 61834, 83954, 30514, 22289
1083725, 955083, 585728, 836812, 21379, 27611, 90830, 59651
1003484, 1030894, 604745, 809742, 27171, 37534, 77993, 55695
1086986, 956761, 610044, 802660, 52119, 65323, 48463, 32428
1004200, 1029729, 590564, 830928, 50445, 67666, 46915, 33606
1083859, 954724, 590403, 827821, 36620, 45666, 69404, 46730
1004779, 1031864, 607625, 805134, 34748, 46960, 67332, 48703
1083507, 950850, 590489, 829241, 33736, 43735, 73286, 48266
999465, 1027075, 592846, 822761, 35437, 48539, 66450, 47107
1084132, 949079, 600865, 816097, 56706, 71479, 41696, 27672
998572, 1029426, 596943, 826378, 50447, 69087, 46750, 32996
1080897, 952898, 594250, 826439, 43512, 57638, 58733, 38809
996297, 1029047, 593804, 819022, 40075, 54602, 60213, 42836
1079381, 943567, 587835, 824241, 42124, 54314, 60754, 39372
994967, 1025886, 597880, 822375, 41164, 56623, 58837, 41547
1079666, 943724, 581737, 839560, 41172, 51939, 63421, 41614
993783, 1025297, 611116, 800391, 37880, 51542, 62724, 44836
1082036, 948527, 612537, 801783, 46095, 57916, 56162, 37867
1001252, 1028207, 585281, 839340, 39081, 53172, 61983, 44058
1083781, 951151, 588467, 837209, 37467, 47141, 68773, 45935
999207, 1026408, 607534, 799471, 38942, 52102, 62647, 44219
1082988, 952376, 613068, 798532, 49684, 62902, 51005, 34485
999697, 1030591, 589772, 831824, 44564, 60518, 54609, 39370
1080520, 949901, 584582, 841094, 28598, 37324, 80471, 53112
992305, 1026651, 610579, 797695, 22745, 31572, 83999, 59063
1078310, 945813, 612864, 797749, 63453, 80575, 31782, 21387
1002098, 1030180, 586052, 841800, 55256, 75621, 40118, 28198
1087240, 950166, 592185, 833329, 37883, 47282, 68225, 45740
997211, 1028128, 605527, 808107, 36478, 49460, 64452, 46637
1082783, 950265, 607176, 806935, 51005, 64376, 50084, 33103
997401, 1030196, 591551, 829578, 46475, 62917, 50905, 37123
1083202, 943636, 582298, 842922, 20312, 25906, 92347, 60063
992400, 1027014, 602565, 810775, 26156, 36797, 77477, 55678
1083202, 942323, 606743, 806138, 57869, 72224, 39908, 26415
991574, 1027708, 588210, 835295, 53083, 73548, 41767, 29392
1082485, 948080, 597612, 824015, 44878, 57205, 57650, 38821
994388, 1027204, 600282, 827161, 39965, 55010, 59754, 42908
1082023, 949762, 599444, 827585, 44425, 56800, 58576, 39006
986343, 1022808, 594108, 824743, 40151, 55546, 58785, 42233
1078828, 938917, 599399, 815657, 52216, 66242, 47136, 30844
992687, 1028854, 586218, 840272, 54330, 75579, 40273, 28512
1081575, 942612, 577329, 852972, 20562, 27371, 91795, 59359
990694, 1024373, 607173, 802024, 25253, 35256, 80009, 56637
1079129, 943645, 596560, 823493, 52236, 66365, 47406, 31798
988381, 1023380, 595613, 829760, 48701, 66939, 47582, 34029
1078875, 944914, 598691, 826353, 36153, 46329, 69487, 46188
991365, 1026963, 598505, 819777, 27402, 38191, 76947, 54947
1078519, 939132, 598134, 813072, 34496, 43510, 71785, 46602
979932, 1021592, 584884, 828076, 25612, 36263, 77938, 55725
1077008, 929628, 588618, 831959, 52939, 66088, 46747, 29712
984739, 1025144, 603956, 816875, 54288, 75536, 39092, 28183
1080681, 938670, 595675, 822709, 25156, 32352, 84811, 55393
990499, 1024741, 592837, 822575, 24720, 34502, 80082, 57467
1079102, 935313, 591590, 823319, 55997, 70188, 42320, 27579
992893, 1026480, 594993, 820688, 58966, 81058, 32970, 24321
1081385, 945098, 608735, 799875, 45731, 57687, 56451, 36964
997715, 1028294, 581446, 839859, 43672, 58866, 55354, 39700
1080776, 947363, 580391, 839325, 45120, 57039, 57339, 37836
1000453, 1030549, 609487, 799539, 38783, 52716, 62060, 44513
1086417, 948844, 602525, 809652, 40227, 51045, 64423, 42539
1002959, 1031732, 590496, 826843, 38058, 51530, 62874, 44985
1086900, 957493, 592853, 822224, 47028, 58891, 55333, 37079
1000391, 1030636, 603967, 808363, 44843, 61493, 53435, 38120
1082040, 951032, 608282, 801613, 49137, 62963, 51073, 34114
997890, 1027886, 585685, 833846, 49918, 66750, 47185, 33913
1087095, 951443, 589657, 833319, 42059, 52717, 62476, 41555
998561, 1030276, 605617, 807396, 38966, 53663, 61432, 43947
985841, 1030217, 592573, 825483, 58169, 74261, 38403, 26369
1091836, 947782, 603139, 811333, 59287, 78949, 35105, 24716
990432, 1029844, 603441, 812683, 29461, 37822, 77841, 52630
1091889, 944579, 592051, 825241, 28570, 38552, 76862, 54147
981299, 1025351, 584890, 830962, 62974, 82374, 29634, 20216
1092447, 949947, 601630, 813914, 60078, 80177, 34371, 24053
984313, 1029146, 604705, 817953, 20327, 27571, 89771, 60689
1087919, 940512, 587882, 830740, 22977, 30858, 84690, 58865
978840, 1027429, 589184, 826324, 60929, 78917, 32689, 22321
1086592, 939193, 599542, 819838, 59564, 79622, 34588, 24508
978656, 1027353, 597478, 817942, 24478, 32277, 83926, 56250
1087293, 933872, 592356, 825279, 15095, 20084, 95229, 67173
987184, 1031530, 600044, 807041, 45374, 58083, 55514, 37704
1090184, 942049, 585039, 835398, 48048, 65964, 51057, 34658
985469, 1026896, 583100, 839091, 36506, 49018, 67107, 44346
1092084, 948286, 599329, 811740, 39586, 52676, 62580, 44072
987867, 1027984, 606262, 805181, 37256, 47757, 66963, 45140
1092564, 946036, 586735, 831663, 35354, 47019, 68100, 47635
991152, 1033299, 584958, 830915, 50584, 65312, 48107, 32609
1094167, 946679, 606733, 807071, 48311, 63473, 51006, 35929
994520, 1033623, 595473, 822441, 32824, 44071, 73349, 48791
1091781, 947805, 594742, 816002, 35009, 46578, 68574, 47908
989328, 1032796, 592890, 822660, 44556, 57859, 56061, 38033
1092185, 950177, 589547, 831590, 48249, 65290, 50992, 34578
994123, 1029749, 593061, 826386, 44677, 58255, 56665, 38215
1088889, 943824, 590110, 822662, 44282, 59199, 55558, 38278
985557, 1030483, 593252, 823453, 40395, 53081, 61374, 41529
1089212, 942964, 600773, 825500, 44183, 59198, 56372, 38787
990845, 1029942, 580107, 838044, 59918, 78117, 34918, 23550
1089078, 937618, 606817, 802124, 56950, 74857, 38224, 26921
981693, 1029697, 607287, 799440, 24012, 31972, 83653, 56531
1084828, 931393, 581286, 840635, 21521, 29459, 87714, 59664
978343, 1027766, 593523, 833151, 56691, 72786, 40041, 27515
1086689, 936330, 609744, 804362, 58847, 77961, 35575, 25003
976259, 1028763, 612824, 799066, 25635, 32855, 82066, 56522
1087928, 938940, 589831, 839037, 28017, 38265, 78689, 54635
977534, 1026205, 582817, 841799, 41794, 56849, 59052, 39093
1089135, 938009, 605784, 810054, 43737, 57364, 56395, 39811
979496, 1031175, 601664, 811230, 42994, 56293, 57207, 39469
1085205, 935340, 582529, 846343, 38649, 52949, 64112, 42492
982727, 1031460, 590255, 832164, 48241, 63214, 50801, 34728
1087250, 932927, 610386, 807135, 49477, 64070, 49007, 34531
976221, 1027289, 607477, 808618, 39013, 50137, 62931, 43839
1084969, 930732, 585813, 830716, 33987, 44690, 70039, 48090
969369, 1026229, 582813, 841008, 43464, 58476, 56030, 37788
1088877, 925649, 602057, 806018, 41348, 53578, 59024, 41608
968930, 1026047, 603528, 805843, 43947, 56355, 55364, 38561
1079466, 917938, 583633, 832235, 48037, 65130, 49144, 32834
958580, 1019460, 589330, 819989, 40563, 53458, 58874, 39845
1079589, 919489, 593513, 820690, 45843, 62237, 51977, 35515
967548, 1024161, 594238, 819375, 35913, 47606, 66539, 45248
1082477, 925904, 593622, 820488, 42376, 55625, 57814, 39447
979050, 1025039, 599778, 807665, 42257, 54770, 58264, 39932
1085412, 934333, 576614, 844531, 38616, 53020, 63507, 42367
979143, 1024372, 578389, 841799, 45136, 60626, 55141, 36369
1087134, 942065, 605519, 803011, 43535, 56839, 56906, 40059
982562, 1025288, 591610, 814989, 45860, 59788, 53229, 36225
1089521, 946191, 591771, 826876, 49992, 67941, 48031, 32333
986521, 1026349, 589968, 829131, 30130, 41170, 76302, 50025
1088277, 944572, 600425, 814684, 36868, 47967, 66535, 46137
984265, 1027190, 601480, 814575, 22994, 30691, 86104, 57745
1088238, 946946, 586033, 830013, 12569, 16702, 99882, 69236
992396, 1028551, 583333, 831753, 66272, 85140, 26485, 18075
1089716, 948229, 602237, 815650, 60575, 81290, 33400, 23304
978837, 1026769, 594930, 819981, 24279, 32323, 84084, 56634
1087511, 946243, 594833, 824079, 21917, 29430, 86697, 61365
981061, 1023761, 591772, 820633, 61019, 78291, 33036, 22753
1085468, 935587, 597477, 819451, 57513, 77212, 37479, 25786
982722, 1026444, 606542, 801587, 22481, 29447, 86096, 58645
1086302, 942427, 581345, 837468, 25866, 35157, 80952, 56553
973935, 1024949, 579313, 837797, 58499, 76663, 35513, 23997
1082389, 932535, 611446, 799645, 62287, 81487, 30562, 21985
977830, 1026807, 607724, 809740, 22656, 29781, 86584, 58631
1084479, 931586, 591463, 824270, 27331, 36432, 78606, 54613
983298, 1030027, 595980, 822702, 53956, 68421, 43455, 29781
1087666, 939185, 605969, 808983, 58816, 78181, 35499, 25190
980324, 1029098, 606446, 807804, 29387, 37801, 77587, 52285
1086781, 936984, 575799, 846489, 21450, 30405, 86959, 59263
977660, 1025427, 584171, 840946, 56933, 74173, 39143, 26045
1088178, 939968, 614282, 797442, 59408, 78246, 35206, 24911
